Entity,Code,Year,Gini coefficient
Malawi,MWI,1997,0.657555708
South Africa,ZAF,2005,0.647624886
Botswana,BWA,2002,0.64731308
South Africa,ZAF,2010,0.63383188
Namibia,NAM,2003,0.633187598
Brazil,BRA,1989,0.632951253
Micronesia (country) - urban,,2000,0.632619692
Lesotho,LSO,1994,0.632403651
South Africa,ZAF,2014,0.630260727
South Africa,ZAF,2008,0.630089973
Bolivia,BOL,2000,0.616399151
Brazil,BRA,1988,0.614283584
Central African Republic,CAF,1992,0.613307461
Namibia,NAM,2009,0.609651755
Belize,BLZ,1994,0.609084287
Botswana,BWA,1993,0.607906504
Zambia,ZMB,1991,0.605061914
Brazil,BRA,1990,0.604872725
Botswana,BWA,2009,0.604590468
Eswatini,SWZ,1994,0.604547258
Belize,BLZ,1997,0.604253153
Belize,BLZ,1993,0.60253986
Brazil,BRA,1993,0.601188215
Brazil,BRA,1996,0.59888907
Brazil,BRA,1997,0.597996583
Brazil,BRA,1987,0.596927904
Brazil,BRA,1998,0.596072313
Guatemala,GTM,1989,0.59598774
Brazil,BRA,1995,0.595697247
Honduras,HND,2005,0.595115911
Honduras,HND,1989,0.594901486
Haiti,HTI,2001,0.594766184
South Africa,ZAF,1993,0.593339364
Bolivia,BOL,2002,0.593110391
Colombia - urban,,1980,0.591267268
Namibia,NAM,2015,0.590666144
Brazil,BRA,1999,0.589915929
Brazil,BRA,1983,0.589880113
Panama,PAN,1989,0.589077098
Colombia,COL,1999,0.587396001
Colombia,COL,2000,0.58682893
Ecuador,ECU,1999,0.586019931
Bolivia,BOL,2005,0.585279334
Brazil,BRA,1986,0.584646133
Brazil,BRA,1982,0.584171057
Brazil,BRA,2001,0.584133277
Brazil,BRA,1984,0.583760414
Guatemala,GTM,1986,0.582569038
Panama,PAN,1997,0.582317286
Panama,PAN,1991,0.582196174
Bolivia,BOL,1997,0.581644284
Paraguay,PRY,1995,0.581590394
Honduras,HND,2004,0.581339135
Honduras,HND,2003,0.581212507
Brazil,BRA,2002,0.581136431
Bolivia,BOL,1999,0.580970457
Brazil,BRA,1981,0.579308511
Suriname - urban,,1999,0.578514039
Panama,PAN,1995,0.578112249
South Africa,ZAF,2000,0.577696618
Brazil,BRA,2003,0.575627919
Belize,BLZ,1995,0.575542832
Honduras,HND,2006,0.575427779
Colombia,COL,2001,0.574830396
Panama,PAN,1998,0.574808364
Kenya,KEN,1992,0.574609623
Honduras,HND,1998,0.574254285
Bolivia,BOL,2001,0.573987961
Honduras,HND,1990,0.573567273
Paraguay,PRY,2002,0.572762901
Chile,CHL,1990,0.572491006
Zambia,ZMB,2015,0.571360584
Colombia,COL,1996,0.569369082
Panama,PAN,2001,0.567452804
Bolivia,BOL,2006,0.566676818
Panama,PAN,2000,0.566390158
Belize,BLZ,1996,0.565936851
Brazil,BRA,2004,0.564787516
Panama,PAN,1999,0.564557769
Chile,CHL,1994,0.564335963
Ecuador,ECU,2000,0.563785176
Brazil,BRA,2005,0.563162962
Central African Republic,CAF,2008,0.562366082
Chile,CHL,1987,0.562101581
Panama,PAN,2002,0.561019756
Colombia,COL,2002,0.560189005
Lesotho,LSO,1986,0.560160591
Comoros,COM,2004,0.559251602
Honduras,HND,2007,0.558203073
Honduras,HND,2002,0.55730958
Honduras,HND,1996,0.557215636
Panama,PAN,2003,0.556627882
Brazil,BRA,2006,0.556473171
Zambia,ZMB,2010,0.556214912
Venezuela,VEN,1981,0.556098621
Brazil,BRA,1985,0.555867915
Chile,CHL,1998,0.555220691
Honduras,HND,2008,0.55499907
Honduras,HND,1995,0.554854765
Honduras,HND,2001,0.553607194
Honduras,HND,1999,0.553513401
Colombia,COL,2008,0.553232461
Peru,PER,1998,0.551215183
Honduras - urban,,1986,0.550930297
Honduras,HND,1994,0.550101702
Bolivia,BOL,2004,0.550098723
Colombia,COL,2004,0.549810497
Paraguay,PRY,2003,0.549383523
Brazil,BRA,2007,0.549277443
Belize,BLZ,1998,0.549060262
Paraguay,PRY,1997,0.548924318
Chile,CHL,1996,0.54873679
Peru,PER,1999,0.548288923
Chile,CHL,1992,0.548144893
Panama,PAN,2004,0.547801252
Panama,PAN,2006,0.546454024
Paraguay,PRY,2001,0.54629301
Colombia,COL,2010,0.546254766
Zambia,ZMB,2006,0.546175053
Eswatini,SWZ,2016,0.545797937
Paraguay,PRY,1999,0.545774652
Guatemala,GTM,2006,0.545707214
Bolivia,BOL,2007,0.545370687
El Salvador,SLV,1998,0.545157114
Colombia,COL,2009,0.542964151
Zambia,ZMB,2004,0.542947813
Botswana,BWA,1985,0.542121055
Guatemala,GTM,2000,0.54176521
Colombia,COL,2020,0.541739756
Senegal,SEN,1991,0.541373585
Brazil,BRA,2008,0.5404328
Mozambique,MOZ,2014,0.539966816
El Salvador,SLV,1991,0.53951898
Ecuador,ECU,2004,0.539319908
Colombia,COL,2005,0.539133393
Brazil,BRA,2018,0.538709474
Panama,PAN,2005,0.538114703
Argentina - urban,,2002,0.537937583
Brazil,BRA,2009,0.536872336
Colombia - urban,,1989,0.535924653
Colombia,COL,2003,0.535864778
Peru,PER,2002,0.535659229
Mozambique,MOZ,1996,0.535598649
Mexico,MEX,1996,0.535502787
Ecuador,ECU,2003,0.535286921
Colombia,COL,2011,0.534902914
Brazil,BRA,2019,0.534857704
Honduras,HND,1993,0.53467448
Venezuela,VEN,1987,0.53447969
Brazil,BRA,2012,0.534398527
Honduras,HND,2012,0.533707098
Ecuador,ECU,1994,0.53368962
Ecuador,ECU,2007,0.533634508
Argentina - urban,,2001,0.53343106
Brazil,BRA,2016,0.533428448
Brazil,BRA,2017,0.5333405
Botswana,BWA,2015,0.533250267
Belize,BLZ,1999,0.532627659
Peru,PER,1997,0.532593639
Brazil,BRA,1992,0.531729559
Eswatini,SWZ,2000,0.531135202
Colombia - urban,,1988,0.531062511
Honduras,HND,2010,0.530870659
Peru,PER,2003,0.530813275
Ecuador,ECU,2005,0.530584801
Paraguay,PRY,2007,0.530412063
Paraguay,PRY,2006,0.529954886
Brazil,BRA,2011,0.529475926
Mexico,MEX,1994,0.528089233
Chile,CHL,2000,0.52772009
Honduras,HND,1997,0.527339999
Panama,PAN,2008,0.526933836
Panama,PAN,2007,0.526892591
Brazil,BRA,2013,0.526865403
Colombia,COL,2012,0.526454824
Colombia,COL,2013,0.526326364
Mexico,MEX,1992,0.526118157
Zambia,ZMB,1993,0.526086119
Mexico,MEX,2000,0.525839657
Honduras,HND,2011,0.525597856
Colombia,COL,2014,0.52551015
Cape Verde,CPV,2001,0.524963032
Paraguay,PRY,2011,0.523099316
Paraguay,PRY,2004,0.522628136
Ecuador,ECU,2006,0.522514048
El Salvador,SLV,1999,0.52197689
Dominican Republic,DOM,2003,0.52127291
Dominican Republic,DOM,2004,0.520562049
Rwanda,RWA,2005,0.520394142
Brazil,BRA,2014,0.520331403
Dominican Republic,DOM,2006,0.51963103
Angola,AGO,2000,0.519568925
Brazil,BRA,2015,0.519308287
Nigeria,NGA,1996,0.519222464
El Salvador,SLV,2002,0.518704917
Honduras,HND,1991,0.518506698
Honduras,HND,1992,0.518284552
Costa Rica,CRI,2002,0.518236307
Panama,PAN,2009,0.517711725
Panama,PAN,2012,0.517399561
Mexico,MEX,1998,0.516783813
Panama,PAN,2010,0.516097618
Lesotho,LSO,2002,0.515749236
Dominican Republic,DOM,2000,0.515212021
Costa Rica,CRI,2001,0.515150664
Chile,CHL,2003,0.51489868
El Salvador,SLV,2000,0.514743677
Panama,PAN,2013,0.51457195
Colombia,COL,1992,0.514536725
Eswatini,SWZ,2009,0.514526044
Paraguay,PRY,2005,0.513817921
El Salvador,SLV,2001,0.513704391
Dominican Republic,DOM,1992,0.513597609
Panama,PAN,2011,0.513483149
Colombia,COL,2019,0.513349741
Colombia - urban,,1991,0.513189056
Peru,PER,2001,0.513063335
Honduras,HND,2009,0.512833228
Angola,AGO,2018,0.512721112
Saint Lucia,LCA,2016,0.512333078
Argentina - urban,,2000,0.510639577
Colombia,COL,2015,0.509904209
Paraguay,PRY,2010,0.509824377
El Salvador,SLV,1996,0.509821756
Ecuador - urban,,1995,0.509650726
Argentina - urban,,2003,0.50897157
Bolivia,BOL,2008,0.508160807
Panama,PAN,2015,0.508066631
Argentina - urban,,1998,0.507336438
Paraguay,PRY,2008,0.507047521
Paraguay,PRY,2014,0.50702645
Guinea-Bissau,GNB,2010,0.506642399
Mexico,MEX,1989,0.506316674
Colombia,COL,2016,0.505706771
Costa Rica,CRI,2009,0.505601251
El Salvador,SLV,2003,0.504976926
Ecuador - urban,,1987,0.504919651
Panama,PAN,2014,0.504668693
Dominican Republic,DOM,1989,0.504578658
Peru,PER,2005,0.504513566
Mali,MLI,1994,0.504412367
Colombia,COL,2018,0.504187041
Panama,PAN,2016,0.504077338
Peru,PER,2006,0.503328575
Zimbabwe,ZWE,2019,0.50256451
Mexico,MEX,2005,0.501203587
Mexico,MEX,2002,0.500886546
Mauritania,MRT,1993,0.500515565
Mexico,MEX,2004,0.500300763
Peru,PER,2007,0.500220408
Dominican Republic,DOM,2001,0.499992259
Dominican Republic,DOM,2005,0.499682092
Honduras,HND,2013,0.499597518
Burkina Faso,BFA,1998,0.499439699
Panama,PAN,2017,0.498885026
Mexico,MEX,2008,0.498838477
Peru,PER,2004,0.498808504
El Salvador,SLV,1995,0.498797371
Honduras,HND,2014,0.498785863
Panama,PAN,2019,0.49838336
Honduras,HND,2016,0.498118602
Ecuador,ECU,2008,0.497934696
Argentina - urban,,1999,0.497920414
Colombia,COL,2017,0.497154848
Dominican Republic,DOM,2002,0.496775186
Ecuador - urban,,1998,0.4965703
Argentina - urban,,1996,0.495244294
Venezuela,VEN,2005,0.494591771
Honduras,HND,2017,0.494455265
Costa Rica,CRI,2007,0.493142999
Costa Rica,CRI,2003,0.493087
Costa Rica,CRI,2006,0.492852664
Costa Rica,CRI,2020,0.492503165
Honduras,HND,2015,0.49249893
Bolivia,BOL,2009,0.492229627
Panama,PAN,2018,0.492124734
Costa Rica,CRI,2013,0.49152471
Malaysia,MYS,1997,0.491496623
Paraguay,PRY,2009,0.491457622
Zambia,ZMB,1998,0.491337762
Argentina - urban,,1997,0.491104752
Bolivia - urban,,1992,0.491100534
Peru,PER,2000,0.490733633
Nicaragua,NIC,1993,0.490617498
Venezuela,VEN,2002,0.49013414
Congo,COG,2011,0.489386705
Honduras,HND,2018,0.489377845
Mexico,MEX,2006,0.489360528
Dominican Republic,DOM,1997,0.489238581
Argentina - urban,,1995,0.489044033
Brazil,BRA,2020,0.488803809
Dominican Republic,DOM,2009,0.488758412
Dominican Republic,DOM,2007,0.488593715
Ecuador,ECU,2010,0.488044339
Costa Rica,CRI,2011,0.487621657
Panama,PAN,1979,0.487401423
Mexico,MEX,2014,0.48722439
Mexico,MEX,2012,0.48713466
Costa Rica,CRI,2016,0.487060656
Costa Rica,CRI,2008,0.48645482
Costa Rica,CRI,2014,0.486341956
Malaysia,MYS,1984,0.486248149
Paraguay,PRY,2017,0.485474929
Rwanda,RWA,2000,0.485472726
Mexico,MEX,1984,0.485270124
Malaysia,MYS,1995,0.485226716
Gambia,GMB,1998,0.485194646
Ecuador,ECU,2009,0.485059901
El Salvador,SLV,2005,0.484849325
Costa Rica,CRI,2004,0.484239382
Costa Rica,CRI,2012,0.484190275
Argentina - urban,,2004,0.483770346
Costa Rica,CRI,2015,0.483761414
Russia,RUS,1993,0.483757379
Costa Rica,CRI,2017,0.483465406
Zambia,ZMB,1996,0.483336826
Jamaica,JAM,2002,0.483159626
Guatemala,GTM,2014,0.482785895
Costa Rica,CRI,2019,0.481878336
Honduras,HND,2019,0.481681674
Dominican Republic,DOM,2008,0.48109169
Venezuela,VEN,2003,0.481023205
Burkina Faso,BFA,1994,0.480724934
Venezuela,VEN,1998,0.480637821
Costa Rica,CRI,2010,0.480459678
Costa Rica,CRI,2018,0.479685473
Paraguay,PRY,2013,0.479360312
Paraguay,PRY,2016,0.478997177
Thailand,THA,1992,0.478579578
Bolivia,BOL,2014,0.478319912
El Salvador,SLV,2004,0.478196845
Dominican Republic,DOM,1986,0.477807972
Venezuela,VEN,1999,0.477622883
Benin,BEN,2015,0.477559141
Argentina - urban,,2005,0.477073551
Dominican Republic,DOM,2011,0.47706905
Mexico,MEX,2016,0.476777128
Costa Rica,CRI,1999,0.476653323
Dominican Republic,DOM,2013,0.476563933
Malaysia,MYS,1992,0.476537258
Paraguay,PRY,2012,0.47633563
Paraguay,PRY,2015,0.476059093
Bolivia,BOL,2013,0.475987892
Costa Rica,CRI,2005,0.475137027
Venezuela,VEN,2004,0.475041249
Costa Rica,CRI,1981,0.474947622
Peru,PER,2008,0.474873379
Costa Rica,CRI,2000,0.474494719
Madagascar,MDG,2001,0.4743543
Dominican Republic,DOM,1996,0.474344406
Iran,IRN,1986,0.474196415
Burkina Faso,BFA,2018,0.473471278
Gambia,GMB,2003,0.473316241
Congo,COG,2005,0.473305418
Dominican Republic,DOM,2010,0.473265993
Ecuador,ECU,2020,0.473112741
Chile,CHL,2006,0.472948164
Venezuela,VEN,2001,0.472314213
Rwanda,RWA,2010,0.472224139
Mexico,MEX,2010,0.472139094
Venezuela,VEN,1995,0.472122583
Cape Verde,CPV,2007,0.471873889
Malaysia,MYS,1987,0.470418365
Mozambique,MOZ,2002,0.470390696
Peru,PER,2009,0.470065807
Chile,CHL,2009,0.46991219
El Salvador,SLV,2008,0.46885679
Ecuador,ECU,2013,0.468649031
Madagascar,MDG,1980,0.468488505
Guinea,GIN,1991,0.468430484
Seychelles,SYC,2013,0.468227879
Argentina - urban,,1991,0.467617391
Costa Rica,CRI,1994,0.467524085
Bolivia,BOL,2015,0.467399531
Mexico,MEX,2018,0.467069553
Costa Rica,CRI,1991,0.466478502
Cameroon,CMR,2014,0.466408738
Bolivia,BOL,2012,0.465852318
Costa Rica,CRI,1996,0.465417409
Kenya,KEN,2005,0.464529249
Malaysia,MYS,2003,0.464162024
Uruguay,URY,2007,0.464051328
Kyrgyzstan,KGZ,1998,0.463719825
Argentina - urban,,2006,0.4634608
South Sudan,SSD,2009,0.463406607
Argentina - urban,,2007,0.461735563
Malaysia,MYS,1989,0.461685036
Nicaragua,NIC,2014,0.461562942
North Macedonia,MKD,2008,0.461416256
Dominican Republic,DOM,2012,0.461337531
Ecuador,ECU,2012,0.461219409
Russia,RUS,1996,0.461034633
Solomon Islands,SLB,2005,0.460968521
Guinea,GIN,1994,0.460816095
Bolivia,BOL,2011,0.460809514
Chile,CHL,2011,0.460483497
Togo,TGO,2011,0.46020582
Costa Rica,CRI,1993,0.46003164
Philippines,PHL,1997,0.459622075
Paraguay,PRY,2018,0.459551019
Ecuador,ECU,2015,0.459542949
Uruguay,URY,2006,0.459415902
Argentina - urban,,1994,0.459168036
Uruguay - urban,,2004,0.458811549
Ecuador,ECU,2011,0.458774819
Chile,CHL,2013,0.458311061
El Salvador,SLV,2009,0.458250861
Papua New Guinea,PNG,1996,0.457713526
Dominican Republic,DOM,2016,0.457239171
Costa Rica,CRI,1995,0.457126848
Costa Rica,CRI,1992,0.457123974
Ecuador,ECU,2019,0.457115331
El Salvador,SLV,2006,0.456925592
Costa Rica,CRI,1998,0.456672232
Paraguay,PRY,2019,0.456506375
Peru,PER,1985,0.456349824
Costa Rica,CRI,1997,0.456171152
Mozambique,MOZ,2008,0.455783371
Costa Rica,CRI,1989,0.455707618
Uruguay - urban,,2002,0.455443754
Uruguay,URY,2009,0.455416817
Peru,PER,2010,0.455379256
Cote d'Ivoire,CIV,1985,0.455262681
Malaysia,MYS,2008,0.454797122
Malawi,MWI,2010,0.454759711
Argentina - urban,,1992,0.45468093
Jamaica,JAM,2004,0.454574744
Ecuador,ECU,2018,0.454402996
Mexico,MEX,2020,0.453987296
Comoros,COM,2014,0.453345947
Costa Rica,CRI,1990,0.453015441
Argentina - urban,,1987,0.452763661
Thailand,THA,1990,0.452656486
Madagascar,MDG,1993,0.452556975
Bolivia,BOL,2016,0.452506611
El Salvador,SLV,2007,0.452179942
Thailand,THA,1981,0.452168213
Dominican Republic,DOM,2015,0.451816364
Uganda,UGA,2002,0.451723258
Djibouti,DJI,2012,0.451342527
Guyana,GUY,1998,0.451181417
Rwanda,RWA,2013,0.451128319
Uruguay,URY,2008,0.450817799
Uruguay - urban,,2003,0.450338324
Ecuador,ECU,2016,0.450200688
Uruguay - urban,,2001,0.450076843
Nicaragua,NIC,1998,0.449973091
Ecuador,ECU,2014,0.449950496
Nigeria,NGA,1992,0.449840537
Kenya,KEN,1997,0.449830766
Chile,CHL,2020,0.449209395
Lesotho,LSO,2017,0.448797014
Argentina - urban,,2008,0.448767903
Argentina - urban,,1993,0.448562859
Venezuela,VEN,2006,0.447704983
Malaysia,MYS,2006,0.447523495
Iran,IRN,2006,0.447520372
Uruguay - urban,,2005,0.447278023
Malawi,MWI,2016,0.446943078
Uzbekistan,UZB,1998,0.446731737
Ecuador,ECU,2017,0.446730295
Peru,PER,2011,0.446601519
Bolivia,BOL,2017,0.446161139
Ethiopia,ETH,1995,0.445645132
Uruguay,URY,2010,0.444750164
Cameroon,CMR,1996,0.444467581
Chile,CHL,2017,0.444410284
Peru,PER,2012,0.444404087
Niger,NER,2005,0.444254442
Armenia,ARM,1996,0.44418623
Chile,CHL,2015,0.443713277
Uganda,UGA,1989,0.443627175
Zimbabwe,ZWE,2017,0.443370821
Dominican Republic,DOM,2014,0.442800318
Uganda,UGA,2009,0.441955593
South Sudan,SSD,2016,0.441441282
Djibouti,DJI,2013,0.441270749
Iran,IRN,1998,0.440956434
Jamaica,JAM,1999,0.440801987
Peru,PER,1994,0.440239887
Malaysia,MYS,2011,0.439435968
Nicaragua,NIC,2009,0.43942161
Mauritania,MRT,1987,0.439390147
Peru,PER,2013,0.438828966
Thailand,THA,1988,0.43838599
Venezuela,VEN,1989,0.438382759
Philippines,PHL,1991,0.438235514
Peru,PER,2020,0.43794137
Nepal,NPL,2003,0.437681043
China,CHN,2010,0.437449533
Rwanda,RWA,2016,0.437100478
Dominican Republic,DOM,2018,0.436866621
Argentina - urban,,2009,0.43654197
Uruguay - urban,,1981,0.436454285
Peru,PER,2016,0.436392562
Bolivia,BOL,2020,0.436153288
Guinea-Bissau,GNB,1993,0.436102263
Iran,IRN,1990,0.436047776
Argentina - urban,,2010,0.435832183
Gambia,GMB,2010,0.435684335
Iran,IRN,2005,0.435586412
Ghana,GHA,2016,0.43520879
El Salvador,SLV,2010,0.435141284
Paraguay,PRY,2020,0.43481944
Turkey,TUR,1987,0.434770847
Thailand,THA,1994,0.434702118
Benin,BEN,2011,0.434397071
Tunisia,TUN,1985,0.434337664
Jordan,JOR,1992,0.433626242
El Salvador,SLV,2013,0.43358963
Peru,PER,2015,0.433564001
Chad,TCD,2011,0.433212117
Peru,PER,2017,0.4329279
Burkina Faso,BFA,2003,0.432525114
Cote d'Ivoire,CIV,2008,0.431837333
Jamaica,JAM,1988,0.43155025
Zimbabwe,ZWE,2011,0.431535751
Peru,PER,2014,0.431392253
Kenya,KEN,1994,0.431085715
Indonesia - urban,,2013,0.431065351
Thailand,THA,1999,0.430915875
Togo,TGO,2015,0.430561394
Guinea,GIN,2002,0.430041636
Uganda,UGA,1999,0.430037543
Iran,IRN,1994,0.429983695
Nicaragua,NIC,2001,0.429982022
China,CHN,2008,0.429650385
Uganda,UGA,2005,0.429447399
Argentina - urban,,2019,0.429058504
Uruguay - urban,,2000,0.42905604
Thailand,THA,1996,0.429049214
Philippines,PHL,1994,0.428883875
Philippines,PHL,2006,0.428588396
Turkey,TUR,2015,0.428544577
Thailand,THA,2000,0.428336678
Cameroon,CMR,2007,0.428200629
Argentina - urban,,1986,0.42808887
Philippines,PHL,2000,0.427994724
Seychelles,SYC,1999,0.42776691
Seychelles,SYC,2006,0.427676166
Ghana,GHA,2005,0.427655359
Indonesia - urban,,2014,0.427652618
North Macedonia,MKD,2009,0.427644552
Uganda,UGA,2016,0.427536926
Indonesia - urban,,2015,0.427530637
Angola,AGO,2008,0.42715515
Uganda,UGA,2019,0.427054538
Madagascar,MDG,2012,0.426481823
Argentina - urban,,2011,0.426452806
North Macedonia,MKD,2006,0.426425032
Israel,ISR,2009,0.426339505
Moldova,MDA,1999,0.426242066
Turkey,TUR,2005,0.426146563
Trinidad and Tobago,TTO,1988,0.426013111
Saint Lucia,LCA,1995,0.425843806
Bolivia,BOL,2018,0.425795049
Thailand,THA,2004,0.425403126
Israel,ISR,2010,0.425270246
Uruguay - urban,,1998,0.424823986
Indonesia - urban,,2012,0.424808544
Madagascar,MDG,2010,0.424174876
China,CHN,2011,0.424092243
Peru,PER,2018,0.423876479
Cape Verde,CPV,2015,0.423810874
Ghana,GHA,2012,0.423732053
Uruguay - urban,,1989,0.423693595
Micronesia (country),FSM,2005,0.423557983
Togo,TGO,2018,0.423522255
Argentina - urban,,2020,0.423432911
El Salvador,SLV,2011,0.4231836
Burundi,BDI,1998,0.423165258
Russia,RUS,2007,0.42272473
Israel,ISR,2005,0.422676225
China,CHN,2012,0.422371658
Philippines,PHL,2012,0.422243295
Indonesia - urban,,2011,0.422169451
Togo,TGO,2006,0.422125752
Dominican Republic,DOM,2017,0.421956153
Gabon,GAB,2005,0.421849864
Turkey,TUR,2003,0.421843381
Uruguay,URY,2011,0.421753176
Democratic Republic of Congo,COD,2004,0.421636322
Cameroon,CMR,2001,0.421367941
Venezuela,VEN,1992,0.421035492
Democratic Republic of Congo,COD,2012,0.420997092
Zambia,ZMB,2002,0.420619261
Iran,IRN,2009,0.420500246
Samoa,WSM,2008,0.420465486
Bolivia - urban,,1990,0.420357227
Argentina - urban,,2016,0.420325289
Iran,IRN,2018,0.42003302
China,CHN,2002,0.419857242
Thailand,THA,2002,0.419444959
Dominican Republic,DOM,2019,0.419185651
Turkey,TUR,2019,0.419091087
Turkey,TUR,2018,0.418775203
Turkey,TUR,2016,0.418737048
Papua New Guinea,PNG,2009,0.418507883
El Salvador,SLV,2012,0.418292768
Thailand,THA,2006,0.418190339
Philippines,PHL,2009,0.417603385
Tunisia,TUN,1995,0.416572967
Bolivia,BOL,2019,0.416496365
Israel,ISR,2008,0.416426794
Argentina - urban,,2014,0.416327899
Israel,ISR,2012,0.416095964
Djibouti,DJI,2017,0.415879916
Russia,RUS,2008,0.415685851
Peru,PER,2019,0.415627846
El Salvador,SLV,2014,0.415598414
Israel,ISR,2006,0.415553224
United States,USA,2019,0.415355669
Niger,NER,1994,0.415259648
United States,USA,2014,0.41511606
Philippines,PHL,2003,0.414946578
Cote d'Ivoire,CIV,2015,0.414748
Uruguay - urban,,1992,0.414681371
Uruguay - urban,,1997,0.414567729
Israel,ISR,2004,0.414563007
Thailand,THA,1998,0.414557947
Israel,ISR,2011,0.414441639
Senegal,SEN,1994,0.41440712
Uganda,UGA,1992,0.414293604
United States,USA,2018,0.414078436
Turkey,TUR,2017,0.414056667
United States,USA,2006,0.41398576
Turkey,TUR,2002,0.413963778
Malaysia,MYS,2013,0.413488267
Argentina - urban,,2018,0.413424984
Cote d'Ivoire,CIV,2002,0.413400416
Argentina - urban,,2012,0.413261979
Turkey,TUR,1994,0.413152024
Maldives,MDV,2002,0.413120268
Turkey,TUR,2004,0.41287508
Bulgaria,BGR,2018,0.41284099
Russia,RUS,2005,0.412656056
Georgia,GEO,1998,0.412500082
United States,USA,2015,0.412387776
Turkey,TUR,2014,0.412365629
Senegal,SEN,2001,0.412294356
United States,USA,2017,0.411805587
Argentina - urban,,2017,0.411344884
United States,USA,2016,0.41121886
Jamaica,JAM,1990,0.411137354
Haiti,HTI,2012,0.411037737
Israel,ISR,2007,0.410986336
Malaysia,MYS,2015,0.410663984
Philippines,PHL,1985,0.410374355
Indonesia - urban,,2016,0.410315153
Uganda,UGA,2012,0.410099667
United States,USA,2005,0.409653696
Russia,RUS,2006,0.409509505
Argentina - urban,,2013,0.409454422
United States,USA,2011,0.409371125
United States,USA,2012,0.409368614
Iran,IRN,2019,0.409359684
Uruguay - urban,,1995,0.40926679
China,CHN,2005,0.409007668
Bhutan,BTN,2003,0.408980009
Russia,RUS,2013,0.408844243
Paraguay,PRY,1990,0.408393434
Argentina - urban,,1980,0.408308605
United States,USA,2008,0.408121927
Tunisia,TUN,2000,0.408094782
Turkmenistan,TKM,1998,0.408069274
Iran,IRN,2017,0.408029421
United States,USA,2007,0.407985674
Indonesia,IDN,2013,0.407911805
Kenya,KEN,2015,0.407757725
United States,USA,2003,0.407725912
Uruguay - urban,,1996,0.407513948
Sao Tome and Principe,STP,2017,0.40749592
Philippines,PHL,1988,0.407462674
Samoa,WSM,2002,0.407355197
Israel,ISR,2003,0.40722571
Morocco,MAR,2006,0.407183025
Russia,RUS,2012,0.407148269
Georgia,GEO,1997,0.40696073
Indonesia - urban,,2017,0.406861311
United States,USA,2013,0.406520119
Morocco,MAR,2000,0.406370084
United States,USA,2009,0.406108136
China - rural,,2010,0.406078874
United States,USA,2001,0.405967813
Bulgaria,BGR,2016,0.405910637
Cote d'Ivoire,CIV,1995,0.405638205
El Salvador,SLV,2015,0.405519418
Nicaragua,NIC,2005,0.405319877
United States,USA,1997,0.40525718
Cote d'Ivoire,CIV,1987,0.405100992
Serbia,SRB,2014,0.40494145
Tanzania,TZA,2018,0.4049123
Georgia,GEO,2000,0.404781133
Indonesia,IDN,2012,0.40459641
Indonesia,IDN,2011,0.404581494
Uruguay,URY,2013,0.40450911
Indonesia,IDN,2015,0.40397369
Jamaica,JAM,1996,0.403949023
Bulgaria,BGR,2017,0.403790468
Fiji,FJI,2008,0.403755861
United States,USA,1993,0.403645427
United States,USA,2002,0.403544463
Philippines,PHL,2015,0.403514992
Russia,RUS,2004,0.403158422
United States,USA,1996,0.403097324
Thailand,THA,2008,0.402882739
Senegal,SEN,2011,0.402852251
Tanzania,TZA,2007,0.402790969
Trinidad and Tobago,TTO,1992,0.402729692
Bulgaria,BGR,2019,0.40271384
United States,USA,2004,0.402533539
Tunisia,TUN,1990,0.402351168
Israel,ISR,2013,0.402248247
Algeria,DZA,1988,0.401949092
Turkey,TUR,2013,0.401784979
Indonesia,IDN,2014,0.40175667
Sri Lanka,LKA,2002,0.401719063
Turkey,TUR,2012,0.401689369
Mauritania,MRT,2004,0.401687704
Sierra Leone,SLE,2003,0.40167732
North Macedonia,MKD,2010,0.40160622
Uruguay,URY,2020,0.401521436
Georgia,GEO,1999,0.401497665
United States,USA,2000,0.401406851
Uruguay,URY,2015,0.401287699
Uruguay,URY,2014,0.401110826
Ghana,GHA,1998,0.400726244
Nigeria,NGA,2003,0.400635793
Indonesia - urban,,2021,0.400630642
Micronesia (country),FSM,2013,0.400576313
Indonesia - urban,,2018,0.400540195
Turkey,TUR,2011,0.400393548
United States,USA,2010,0.40010713
Djibouti,DJI,2002,0.39997839
United States,USA,1994,0.399868036
United States,USA,1999,0.399858204
El Salvador,SLV,2016,0.399785802
Russia,RUS,2003,0.399715701
Iran,IRN,2016,0.399651967
United States,USA,1998,0.399536102
Madagascar,MDG,2005,0.399371791
Serbia,SRB,2012,0.399246587
Uruguay,URY,2012,0.399005725
Russia,RUS,2014,0.398812219
Malawi,MWI,2004,0.398734604
Mali,MLI,2001,0.398672826
United States,USA,1995,0.398549953
Russia,RUS,2009,0.398456009
Kazakhstan,KAZ,2005,0.3982604
Chad,TCD,2003,0.398245701
Burkina Faso,BFA,2009,0.397622364
Thailand,THA,2007,0.397615164
Israel,ISR,2014,0.397574889
Russia,RUS,2011,0.397493144
China,CHN,2013,0.397363984
Israel,ISR,2015,0.397195299
Uruguay,URY,2016,0.396955003
Uruguay,URY,2018,0.396872398
Uruguay,URY,2019,0.39676545
Sri Lanka,LKA,2006,0.396690194
Turkey,TUR,2006,0.396474127
Dominican Republic,DOM,2020,0.396412327
United Kingdom,GBR,2000,0.396101349
Thailand,THA,2009,0.396012638
Georgia,GEO,2011,0.395957157
India - urban,,2017,0.395788816
Georgia,GEO,2001,0.395741324
Israel,ISR,2002,0.395594227
Russia,RUS,2010,0.395489776
Morocco,MAR,2013,0.395485087
Moldova,MDA,1998,0.395185501
Estonia,EST,1993,0.395034482
China - rural,,2012,0.394973467
Iran,IRN,2015,0.394710043
Madagascar,MDG,1997,0.39468355
Uruguay,URY,2017,0.394645312
Georgia,GEO,2010,0.394614637
Thailand,THA,2010,0.394027714
China - rural,,2008,0.393990501
Cote d'Ivoire,CIV,1992,0.393857643
North Macedonia,MKD,2011,0.393741066
India - urban,,2019,0.393655915
Guinea,GIN,2007,0.393553469
Morocco,MAR,1998,0.393539138
India - urban,,2009,0.393479737
Sri Lanka,LKA,2016,0.393457734
North Macedonia,MKD,2005,0.393052501
Indonesia,IDN,2016,0.393002781
Ukraine,UKR,1995,0.392875361
Indonesia - urban,,2020,0.392571906
Thailand,THA,2012,0.392566692
Vietnam,VNM,2010,0.392527248
Senegal,SEN,2005,0.392222819
Indonesia - urban,,2019,0.392156686
Morocco,MAR,1990,0.392069034
Morocco,MAR,1984,0.391866366
China,CHN,2014,0.391776523
Tuvalu,TUV,2010,0.391390334
China,CHN,2017,0.390757759
Uganda,UGA,1996,0.390437186
Mauritania,MRT,2000,0.390284736
Turkey,TUR,2008,0.3902054
India - urban,,2011,0.39014429
Israel,ISR,2016,0.390130153
Montenegro,MNE,2015,0.390050334
Latvia,LVA,2005,0.389814837
Turkey,TUR,2009,0.389653091
Cote d'Ivoire,CIV,1998,0.389599627
Georgia,GEO,2012,0.38954768
Israel,ISR,2001,0.389476621
Portugal,PRT,2004,0.389388362
Mali,MLI,2006,0.38929962
Serbia,SRB,2016,0.388324969
Bhutan,BTN,2012,0.388093271
Laos,LAO,2018,0.388024338
Indonesia,IDN,2017,0.38785263
Turkey,TUR,2010,0.387850803
Iran,IRN,2014,0.387832928
El Salvador,SLV,2019,0.387787639
Portugal,PRT,2003,0.387753517
Samoa,WSM,2013,0.387318098
North Macedonia,MKD,2003,0.387223932
Sri Lanka,LKA,2012,0.387136085
China,CHN,1999,0.387032152
Nigeria,NGA,1985,0.386778506
Burundi,BDI,2013,0.386248187
El Salvador,SLV,2018,0.386105712
Madagascar,MDG,1999,0.386074804
China,CHN,2015,0.385953024
Georgia,GEO,2013,0.385890191
Benin,BEN,2003,0.385781991
Israel,ISR,2018,0.385771738
Bulgaria,BGR,2015,0.385673472
Malawi,MWI,2019,0.38543175
Georgia,GEO,2008,0.385348533
North Macedonia,MKD,2002,0.385090683
China,CHN,2018,0.384976421
China - rural,,2011,0.38497447
Montenegro,MNE,2016,0.384879461
China,CHN,2016,0.384805186
Portugal,PRT,2005,0.384800724
Mauritius,MUS,2012,0.384653985
Turkey,TUR,2007,0.38442799
Ghana,GHA,1991,0.384372308
North Macedonia,MKD,2004,0.384325517
Indonesia,IDN,2018,0.384103773
Russia,RUS,1997,0.384092334
Lithuania,LTU,2016,0.38391206
United States,USA,1992,0.38373883
Maldives,MDV,2009,0.383727638
India - urban,,2016,0.38292568
Georgia,GEO,2009,0.382374032
Indonesia - urban,,2010,0.382047675
Israel,ISR,2017,0.382020644
China,CHN,2019,0.381683425
Russia,RUS,1998,0.381370395
North Macedonia,MKD,2012,0.381365174
Senegal,SEN,2018,0.381224724
Georgia,GEO,2007,0.381130823
Fiji,FJI,2002,0.381020545
Israel,ISR,1997,0.38097106
Bhutan,BTN,2007,0.380907722
Myanmar,MMR,2015,0.380685092
Portugal,PRT,2006,0.380607799
United States,USA,1991,0.380459151
Gabon,GAB,2017,0.380243723
China - rural,,2002,0.380193538
El Salvador,SLV,2017,0.380071879
Moldova,MDA,2001,0.379891935
Cote d'Ivoire,CIV,1986,0.379697614
Georgia,GEO,2017,0.379397331
Indonesia,IDN,2021,0.379156501
United Kingdom,GBR,2001,0.379033709
India - urban,,2015,0.378798629
Thailand,THA,2013,0.378471082
Philippines,PHL,2018,0.378117062
Benin,BEN,2018,0.378086
Tanzania,TZA,2011,0.377831495
Mauritania,MRT,1995,0.377473629
Russia,RUS,2015,0.377408416
Tunisia,TUN,2005,0.377333825
Russia,RUS,2019,0.376914373
Tonga,TON,2000,0.37690176
Lithuania,LTU,2014,0.37681442
Estonia,EST,1998,0.376430764
India - urban,,2004,0.376351735
Indonesia,IDN,2019,0.376101221
Indonesia,IDN,2020,0.376054854
Tonga,TON,2015,0.375874392
Georgia,GEO,2014,0.375541344
Indonesia - urban,,1996,0.375496142
Syria,SYR,2003,0.375146032
Armenia,ARM,2004,0.375056325
Chad,TCD,2018,0.374991545
Tonga,TON,2009,0.374964878
Russia,RUS,2018,0.374730062
Thailand,THA,2011,0.374590334
Russia,RUS,1999,0.37443444
Bhutan,BTN,2017,0.374414096
Bulgaria,BGR,2014,0.374185684
Kyrgyzstan,KGZ,2006,0.373812404
Georgia,GEO,2005,0.37379339
Lithuania,LTU,2015,0.373752238
Iran,IRN,2013,0.373595078
United States,USA,1986,0.373515096
Vanuatu,VUT,2010,0.373512982
Niger,NER,2007,0.373044542
Tanzania,TZA,2000,0.373011278
Lithuania,LTU,2017,0.372896992
Russia,RUS,2002,0.372838298
Niger,NER,2018,0.372810449
Canada,CAN,1971,0.37257143
Georgia,GEO,2002,0.372493777
Russia,RUS,2017,0.37239071
Lithuania,LTU,2009,0.372259874
Indonesia,IDN,2010,0.372053374
Indonesia - urban,,2009,0.372020314
Cote d'Ivoire,CIV,2018,0.371835636
Georgia,GEO,1996,0.371327073
Russia,RUS,2000,0.370928293
Indonesia - urban,,2007,0.370758854
Lithuania,LTU,2008,0.370556567
Solomon Islands,SLB,2012,0.37054927
China - urban,,2019,0.370525572
Ireland,IRL,1995,0.370450923
Cyprus,CYP,2013,0.370419929
Thailand,THA,2014,0.37032664
Vietnam,VNM,2002,0.370296242
Greece,GRC,1995,0.369755724
Kiribati,KIR,2006,0.369730015
Jordan,JOR,2002,0.369546163
Moldova,MDA,1997,0.369421464
China - urban,,2017,0.369419298
Russia,RUS,2001,0.369251149
Ireland,IRL,1994,0.369142046
Montenegro,MNE,2017,0.369068238
China - urban,,2018,0.369061327
Thailand,THA,2016,0.368906279
Cote d'Ivoire,CIV,1988,0.368862859
Georgia,GEO,2006,0.368686238
France,FRA,1984,0.368579815
Russia,RUS,2016,0.368484993
Somalia,SOM,2017,0.368224051
Montenegro,MNE,2018,0.368119267
Vietnam,VNM,2004,0.367858307
United Kingdom,GBR,1999,0.367837793
Mauritius,MUS,2017,0.367612059
Portugal,PRT,2007,0.367501832
Indonesia - urban,,2008,0.367170391
Yemen,YEM,2014,0.367070943
Fiji,FJI,2013,0.366965967
China - urban,,2013,0.366862311
Indonesia,IDN,2007,0.366646878
Italy,ITA,1998,0.366607869
Georgia,GEO,2003,0.366550826
Spain,ESP,1995,0.366541199
Georgia,GEO,2016,0.366396489
Portugal,PRT,2008,0.36634151
United Kingdom,GBR,1998,0.366214727
Bulgaria,BGR,2013,0.365736454
Thailand,THA,2017,0.36528755
Latvia,LVA,2003,0.365286016
Georgia,GEO,2015,0.365036756
Israel,ISR,1986,0.364905399
Liberia,LBR,2007,0.36477745
Serbia,SRB,2005,0.364604233
Azerbaijan,AZE,2001,0.364549364
China - urban,,2014,0.364296748
Moldova,MDA,2000,0.364256907
Jordan,JOR,1997,0.364205558
Thailand,THA,2018,0.364121734
Georgia,GEO,2018,0.364113631
Portugal,PRT,2011,0.363446774
Israel,ISR,1979,0.363299758
Moldova,MDA,2005,0.362808379
Greece,GRC,2012,0.362510008
North Macedonia,MKD,2013,0.362429362
Armenia,ARM,1999,0.362197243
India - urban,,2018,0.362158274
Portugal,PRT,2013,0.361871044
Spain,ESP,2013,0.361851672
Spain,ESP,2015,0.361814192
Georgia,GEO,2004,0.361753568
China - urban,,2015,0.361562234
Serbia,SRB,2017,0.361518969
Mali,MLI,2018,0.361369201
Greece,GRC,2013,0.361273606
China - urban,,2016,0.361248256
Uzbekistan,UZB,2000,0.361028142
Niger,NER,1992,0.36097543
Jordan,JOR,1986,0.360614298
Indonesia,IDN,2008,0.360602546
Spain,ESP,2014,0.360544135
Sri Lanka,LKA,2009,0.360541525
Latvia,LVA,2007,0.360469299
Portugal,PRT,2012,0.360347924
Russia,RUS,2020,0.360298092
Romania,ROU,2017,0.360168279
Bulgaria,BGR,2012,0.360139231
Estonia,EST,2001,0.360124548
Romania,ROU,2014,0.360115397
Switzerland,CHE,1982,0.360073734
United Kingdom,GBR,2004,0.360015022
Greece,GRC,2015,0.360002595
Ghana,GHA,1988,0.359935409
Indonesia,IDN,2009,0.359931722
Armenia,ARM,2005,0.359923534
Thailand,THA,2015,0.359873327
United Kingdom,GBR,1994,0.359789229
Kazakhstan,KAZ,2001,0.359647586
Laos,LAO,2012,0.359635482
India,IND,2017,0.359430473
Timor,TLS,2001,0.359352922
Italy,ITA,2017,0.359280009
United Kingdom,GBR,1991,0.359274003
Gambia,GMB,2015,0.35918831
Romania,ROU,2015,0.359138906
Georgia,GEO,2019,0.359007652
Nigeria,NGA,2015,0.358797787
China - rural,,2005,0.358492019
Moldova,MDA,2002,0.358459072
Portugal,PRT,2010,0.358446705
Mongolia,MNG,2007,0.358218714
Latvia,LVA,2008,0.358178987
Greece,GRC,2014,0.358095055
Tunisia,TUN,2010,0.358082561
Estonia,EST,2002,0.357915744
Vietnam,VNM,2006,0.357886156
Estonia,EST,2000,0.357843981
Latvia,LVA,2011,0.357743693
Spain,ESP,2016,0.357598942
China - urban,,2010,0.357445229
India - urban,,1977,0.357415496
United Kingdom,GBR,1997,0.357351644
India,IND,2019,0.357338571
United Kingdom,GBR,2002,0.357194582
Vietnam,VNM,2018,0.357155461
India,IND,2011,0.357125753
Lithuania,LTU,2018,0.357078077
Bulgaria,BGR,2006,0.357025734
Spain,ESP,2011,0.356986043
United Kingdom,GBR,2007,0.356976124
Sierra Leone,SLE,2018,0.356901776
Mauritania,MRT,2008,0.356853782
Jamaica,JAM,1993,0.356734217
Vietnam,VNM,1992,0.356545588
Bulgaria,BGR,2010,0.356535721
Mauritius,MUS,2006,0.356534221
Nigeria,NGA,2010,0.356502097
Vietnam,VNM,2012,0.356458864
Indonesia,IDN,1996,0.356251368
Ireland,IRL,1996,0.356221354
Palestine,PSE,2007,0.356060773
Latvia,LVA,2006,0.356027663
North Macedonia,MKD,2015,0.355946591
Latvia,LVA,2017,0.355719346
Vietnam,VNM,2008,0.355703125
Guinea-Bissau,GNB,2002,0.355697459
India - urban,,1987,0.35569307
Cyprus,CYP,2014,0.35565653
Portugal,PRT,2014,0.355621728
China - urban,,2011,0.35559226
Italy,ITA,1993,0.355378879
Portugal,PRT,2015,0.355233023
Indonesia - urban,,2006,0.35517497
United Kingdom,GBR,1995,0.355166401
Nigeria,NGA,2012,0.355130072
Israel,ISR,1992,0.355072544
United Kingdom,GBR,2003,0.355040542
Latvia,LVA,2013,0.355005706
Marshall Islands,MHL,2019,0.354829429
Serbia,SRB,2004,0.354736496
Ireland,IRL,1987,0.354662027
Lithuania,LTU,2003,0.354564869
Vietnam,VNM,1997,0.354422075
Australia,AUS,2008,0.354285083
Poland,POL,2004,0.354260608
Spain,ESP,2012,0.354063304
Moldova,MDA,2006,0.354009266
Sri Lanka,LKA,1995,0.353995391
Italy,ITA,2015,0.353974365
Sudan,SDN,2009,0.35395337
China - rural,,1999,0.353894188
India,IND,2009,0.353803358
Kazakhstan,KAZ,1996,0.353783081
Estonia,EST,2004,0.353781887
Indonesia - urban,,1999,0.353750317
Luxembourg,LUX,2018,0.353680944
Armenia,ARM,2001,0.35364359
Laos,LAO,2007,0.353610349
China - urban,,2012,0.353533521
Indonesia - urban,,1993,0.353532396
Ghana,GHA,1987,0.353495778
United States,USA,1974,0.353434656
Algeria,DZA,1995,0.353300543
Lithuania,LTU,2013,0.353111465
Lithuania,LTU,2005,0.353022075
Burkina Faso,BFA,2014,0.353012275
Indonesia,IDN,2006,0.353005561
United Kingdom,GBR,1996,0.352952405
Palestine,PSE,2010,0.352944325
Tanzania,TZA,1991,0.352922222
Uzbekistan,UZB,2003,0.352687973
Vietnam,VNM,2016,0.352667389
Liberia,LBR,2016,0.352654612
Lithuania,LTU,2019,0.352531515
Italy,ITA,2000,0.352528098
Spain,ESP,2010,0.352468371
Italy,ITA,2016,0.352462496
Italy,ITA,1995,0.352380637
Latvia,LVA,2012,0.352376885
China,CHN,1996,0.352276601
Italy,ITA,2018,0.352225706
Nepal,NPL,1995,0.352070175
North Macedonia,MKD,2014,0.352054345
Lithuania,LTU,2004,0.352040158
Portugal,PRT,2016,0.351905183
Syria,SYR,1996,0.351693822
France,FRA,1978,0.351675048
Ukraine,UKR,1996,0.351559473
Italy,ITA,2012,0.351556106
China - urban,,2008,0.351543057
United Kingdom,GBR,2017,0.351488307
Nigeria,NGA,2018,0.351277428
Greece,GRC,2006,0.351238048
Latvia,LVA,2014,0.35115233
Lithuania,LTU,2012,0.350986815
Latvia,LVA,2018,0.350961514
Latvia,LVA,2002,0.350912337
Estonia,EST,2013,0.350797851
Italy,ITA,2011,0.350572145
Latvia,LVA,2010,0.350344102
Moldova,MDA,2004,0.350295666
Yemen,YEM,1998,0.349977864
Ethiopia,ETH,2015,0.349931232
Thailand,THA,2020,0.349858159
Greece,GRC,2016,0.349586399
Latvia,LVA,2004,0.349571283
Italy,ITA,2003,0.349313086
Spain,ESP,2009,0.349261256
Italy,ITA,2013,0.349118492
Poland,POL,2003,0.349113337
Estonia,EST,2003,0.349096243
Portugal,PRT,2009,0.349074152
Moldova,MDA,2003,0.349020853
Laos,LAO,1997,0.3489544
Thailand,THA,2019,0.34855722
Greece,GRC,2011,0.34849412
Japan,JPN,2008,0.348423151
Latvia,LVA,2009,0.348317406
Kazakhstan,KAZ,2002,0.3481114
Romania,ROU,2019,0.348042001
China - urban,,2005,0.347987066
Lithuania,LTU,2007,0.347971889
Armenia,ARM,2002,0.347796743
United Kingdom,GBR,2016,0.347796148
Kyrgyzstan,KGZ,2004,0.347734293
India,IND,2016,0.347732336
Nauru,NRU,2012,0.347661815
Guinea-Bissau,GNB,2018,0.347652304
Vietnam,VNM,2014,0.347553755
Palestine,PSE,2005,0.347426243
Yemen,YEM,2005,0.347323343
Italy,ITA,2010,0.347213083
Spain,ESP,2018,0.347189473
India,IND,2015,0.347064363
Moldova,MDA,2008,0.346924431
Indonesia - urban,,1990,0.346628776
Italy,ITA,2014,0.346573283
Australia,AUS,2010,0.346567276
Spain,ESP,2017,0.346545469
Azerbaijan,AZE,1995,0.346502852
Poland,POL,1995,0.346447211
United Kingdom,GBR,2006,0.346089371
Albania,ALB,2014,0.345988965
Greece,GRC,2005,0.345982328
Estonia,EST,2014,0.345915563
India,IND,2018,0.345896863
Italy,ITA,1987,0.345469739
North Macedonia,MKD,2016,0.345346906
Luxembourg,LUX,2017,0.345157399
United States,USA,1979,0.345001938
Poland,POL,2005,0.344925793
Latvia,LVA,2019,0.344895389
Spain,ESP,1980,0.344835462
Georgia,GEO,2020,0.344651871
Palestine,PSE,2009,0.344639746
Armenia,ARM,2018,0.344334977
Spain,ESP,1985,0.344316743
Costa Rica,CRI,1986,0.344240454
Moldova,MDA,2007,0.344210409
Lithuania,LTU,2006,0.344189871
Palestine,PSE,2011,0.344152375
India,IND,2004,0.344063046
Australia,AUS,2014,0.343994314
Latvia,LVA,1997,0.343925918
United Kingdom,GBR,2010,0.343899337
India - urban,,1993,0.343852311
Greece,GRC,2017,0.343520211
Luxembourg,LUX,2012,0.343471485
Australia,AUS,2018,0.343337622
Latvia,LVA,2016,0.343296299
Cyprus,CYP,2012,0.343124334
Laos,LAO,1992,0.343097752
Spain,ESP,2019,0.343058368
Indonesia - urban,,2004,0.343056683
Italy,ITA,2004,0.342951163
Bulgaria,BGR,2011,0.342786077
Niger,NER,2014,0.34276576
United Kingdom,GBR,2005,0.342732671
United Kingdom,GBR,2009,0.342699528
North Macedonia,MKD,2000,0.342638721
China - rural,,2017,0.342559863
Switzerland,CHE,2007,0.342555348
Spain,ESP,2000,0.342510455
Sudan,SDN,2014,0.342431971
Luxembourg,LUX,2019,0.34241262
Greece,GRC,2000,0.342391949
Spain,ESP,2008,0.342215725
Latvia,LVA,2015,0.342044352
North Macedonia,MKD,2017,0.342002031
India - rural,,1977,0.341956561
Indonesia - urban,,2005,0.341898054
United Kingdom,GBR,2008,0.341424672
Spain,ESP,2007,0.34138834
Greece,GRC,2010,0.341033282
Indonesia - rural,,2011,0.340964716
Indonesia,IDN,2005,0.340578444
Poland,POL,2002,0.340502059
United Kingdom,GBR,2014,0.340489265
Palestine,PSE,2004,0.340446605
Bosnia and Herzegovina,BIH,2004,0.340374901
Sierra Leone,SLE,2011,0.340302393
Indonesia - urban,,2003,0.340120607
Tajikistan,TJK,2015,0.339957181
Sweden,SWE,1967,0.339738567
China - rural,,2013,0.339710112
Cyprus,CYP,2015,0.33966378
Palestine,PSE,2006,0.339592828
Greece,GRC,2007,0.339535755
Indonesia - urban,,2002,0.33938208
Switzerland,CHE,2006,0.339188077
Kyrgyzstan,KGZ,2007,0.339118217
Mongolia,MNG,2011,0.338835075
China,CHN,1993,0.338777995
Switzerland,CHE,1992,0.338564081
Jordan,JOR,2006,0.338562536
Indonesia,IDN,2004,0.338532798
Canada,CAN,2007,0.338410079
Italy,ITA,2009,0.338357704
Italy,ITA,2005,0.338336056
Bulgaria,BGR,2009,0.338231988
Portugal,PRT,2017,0.338038412
Canada,CAN,2013,0.337989822
Switzerland,CHE,2008,0.337946999
Indonesia - urban,,1998,0.33776076
Italy,ITA,2008,0.337701023
China - rural,,2014,0.337563904
Ireland,IRL,2005,0.337540111
Mongolia,MNG,2012,0.337516151
Canada,CAN,2015,0.337464825
Canada,CAN,2004,0.337435608
Albania,ALB,2016,0.337362987
Guinea,GIN,2012,0.337297046
France,FRA,2010,0.337204815
Poland,POL,2008,0.33717042
Poland,POL,2006,0.337091161
Croatia,HRV,2008,0.337087724
Italy,ITA,2006,0.33697396
Kazakhstan,KAZ,2003,0.336914788
Palestine,PSE,2016,0.336900405
Australia,AUS,2016,0.336858105
United Kingdom,GBR,1969,0.336724253
Estonia,EST,2006,0.336710717
Jordan,JOR,2010,0.336557303
Lithuania,LTU,1993,0.336411363
Armenia,ARM,2017,0.336218374
China - rural,,1996,0.336204405
Lithuania,LTU,2010,0.336193059
Greece,GRC,2009,0.336190574
Ireland,IRL,2004,0.336096378
Tajikistan,TJK,2004,0.336019493
Canada,CAN,2010,0.335926034
Greece,GRC,2004,0.3359099
Greece,GRC,2008,0.335893624
Poland,POL,2009,0.33578089
Bulgaria,BGR,2008,0.335731274
Spain,ESP,2006,0.335452265
China - rural,,2018,0.335415647
Canada,CAN,2012,0.335390108
Poland,POL,2007,0.335089389
Australia,AUS,2003,0.335005161
Portugal,PRT,2018,0.334925626
Ireland,IRL,2013,0.334891901
Australia,AUS,2001,0.334647977
China - urban,,2002,0.334609985
Indonesia,IDN,1984,0.334559806
Estonia,EST,2005,0.334489426
Switzerland,CHE,2000,0.334310552
Indonesia - rural,,2015,0.334184539
Bangladesh,BGD,2000,0.334065309
Burundi,BDI,2006,0.333598635
Canada,CAN,2000,0.333439091
India,IND,1977,0.333366472
Burundi,BDI,1992,0.333338119
India - urban,,1983,0.333268747
Pakistan,PAK,1987,0.333168973
Canada,CAN,2017,0.333082063
Spain,ESP,2004,0.333052924
Canada,CAN,1975,0.332983624
France,FRA,2011,0.332947505
Indonesia - urban,,1984,0.332934493
Hungary,HUN,1994,0.332893951
Latvia,LVA,1998,0.33264853
Kosovo,OWID_KOS,2010,0.332543002
Pakistan,PAK,1990,0.332486609
China - rural,,2015,0.332428073
Liberia,LBR,2014,0.332378843
United Kingdom,GBR,2015,0.332350808
Ireland,IRL,2012,0.332207517
Poland,POL,2010,0.332188336
Taiwan,TWN,2010,0.332133257
United Kingdom,GBR,2013,0.332089732
Bangladesh,BGD,2005,0.332012921
Mongolia,MNG,1995,0.331953402
Croatia,HRV,2009,0.331833481
China - rural,,2016,0.331798376
Ethiopia,ETH,2010,0.331706008
United Kingdom,GBR,2011,0.331652452
Indonesia,IDN,1993,0.331627988
Canada,CAN,1998,0.331610293
Canada,CAN,2014,0.33157606
Australia,AUS,1989,0.331538347
Switzerland,CHE,2018,0.33141051
Belgium,BEL,2000,0.331375589
Pakistan,PAK,1998,0.331232927
France,FRA,2012,0.331148587
Greece,GRC,2019,0.331044562
Mongolia,MNG,2010,0.330812121
Bosnia and Herzegovina,BIH,2007,0.330615865
Australia,AUS,2004,0.330574095
Albania,ALB,2017,0.330556627
Uzbekistan,UZB,2002,0.330436809
Switzerland,CHE,2016,0.33042451
Mali,MLI,2009,0.330379558
Bosnia and Herzegovina,BIH,2011,0.330301859
Armenia,ARM,2003,0.330280869
Indonesia,IDN,2003,0.330267025
Ireland,IRL,2000,0.330052052
France,FRA,2008,0.329964768
Indonesia - rural,,2012,0.329824014
Poland,POL,2000,0.329655369
North Macedonia,MKD,2018,0.329607025
Bangladesh,BGD,1995,0.329429829
Luxembourg,LUX,2015,0.329222329
Estonia,EST,2012,0.329157605
Moldova,MDA,2009,0.32910908
Mongolia,MNG,2002,0.328929481
Cyprus,CYP,2016,0.328917954
Greece,GRC,2018,0.328912053
Italy,ITA,2007,0.328907356
Ireland,IRL,2003,0.328876228
Ireland,IRL,2011,0.328746936
Switzerland,CHE,2009,0.328558563
Japan,JPN,2013,0.328547286
Poland,POL,2001,0.328490263
Nepal,NPL,2010,0.328405862
Indonesia,IDN,2002,0.328337979
Serbia,SRB,2003,0.32828977
Tunisia,TUN,2015,0.328158825
Ireland,IRL,2016,0.328075984
Poland,POL,2011,0.327763434
Indonesia - urban,,1987,0.32775648
Bulgaria,BGR,1995,0.32772338
Portugal,PRT,2019,0.327627472
Greece,GRC,2003,0.32762338
Egypt,EGY,1999,0.327615026
Albania,ALB,2015,0.327537318
Serbia,SRB,2002,0.327437534
Mongolia,MNG,2018,0.327409904
Cyprus,CYP,2018,0.32739861
Ireland,IRL,2006,0.327279551
Tajikistan,TJK,2003,0.32722693
France,FRA,2015,0.327043351
Canada,CAN,2016,0.327018237
Ireland,IRL,2009,0.326825484
Bulgaria,BGR,2001,0.326821614
Switzerland,CHE,2017,0.32676334
China - rural,,2019,0.326748621
Estonia,EST,2015,0.326703299
Kazakhstan,KAZ,1993,0.326657348
France,FRA,2009,0.326612694
Poland,POL,1996,0.326554205
Indonesia - rural,,2016,0.326553234
Cyprus,CYP,2011,0.326255244
Laos,LAO,2002,0.326201086
Mauritania,MRT,2014,0.326193499
Poland,POL,1999,0.325903704
Australia,AUS,1995,0.325819904
India,IND,1987,0.325741643
Jordan,JOR,2008,0.325734503
Italy,ITA,1989,0.325733158
Luxembourg,LUX,2008,0.325615448
Kyrgyzstan,KGZ,2005,0.325614308
Switzerland,CHE,2010,0.325530304
Poland,POL,2013,0.325495204
Armenia,ARM,2016,0.325479484
Switzerland,CHE,2014,0.325256587
Italy,ITA,1986,0.325164082
France,FRA,2013,0.325126351
United Arab Emirates,ARE,2013,0.325104209
Australia,AUS,1985,0.324976853
Estonia,EST,2011,0.324916332
Lithuania,LTU,2011,0.324910525
Taiwan,TWN,2013,0.324873852
Croatia,HRV,2012,0.324751504
Sri Lanka,LKA,1985,0.324678544
Switzerland,CHE,2013,0.324621873
Sri Lanka,LKA,1990,0.324474329
Indonesia - rural,,2018,0.324441879
Montenegro,MNE,2013,0.324429363
Canada,CAN,1981,0.32438636
Spain,ESP,2005,0.324356387
France,FRA,2007,0.324277274
Ethiopia - rural,,1981,0.324249563
Poland,POL,2012,0.323912772
Bangladesh,BGD,2016,0.323852725
France,FRA,2018,0.323806885
Armenia,ARM,2015,0.323567718
Mongolia,MNG,2016,0.323457328
United Kingdom,GBR,2012,0.323450972
France,FRA,1994,0.323305249
South Korea,KOR,2008,0.323248326
Poland,POL,1998,0.323187391
Vanuatu,VUT,2019,0.323175748
Switzerland,CHE,2015,0.323069572
Ireland,IRL,2010,0.322970953
Ireland,IRL,2002,0.322902564
Montenegro,MNE,2012,0.32273736
Indonesia,IDN,1990,0.322712574
France,FRA,2014,0.32262184
Lithuania,LTU,1996,0.322603226
Croatia,HRV,2011,0.322574343
China,CHN,1990,0.322266182
Tajikistan,TJK,2007,0.321916144
Indonesia,IDN,1998,0.321814319
Taiwan,TWN,2005,0.32179585
France,FRA,1989,0.321712496
Bangladesh,BGD,2010,0.321303194
China - rural,,1993,0.321264639
Sao Tome and Principe,STP,2000,0.321258935
Seychelles,SYC,2018,0.321253197
Taiwan,TWN,2007,0.321245681
Cyprus,CYP,2009,0.321088469
Croatia,HRV,2014,0.321071489
Lithuania,LTU,1998,0.32103118
India,IND,1983,0.321009937
Japan,JPN,2010,0.321003204
Poland,POL,2014,0.320801538
Indonesia,IDN,1999,0.32078047
Luxembourg,LUX,2011,0.320541196
Moldova,MDA,2010,0.320509202
Indonesia - rural,,2013,0.320498625
Indonesia - rural,,2017,0.320454456
Mongolia,MNG,2014,0.320377899
Luxembourg,LUX,2013,0.320360461
Spain,ESP,1990,0.32023741
South Korea,KOR,2010,0.320212246
Belarus,BLR,1998,0.320183498
Lithuania,LTU,1999,0.32015238
Lithuania,LTU,2001,0.320122746
Egypt,EGY,1990,0.32003941
Estonia,EST,2010,0.320012011
Croatia,HRV,2013,0.319954852
Ireland,IRL,2007,0.319467716
Montenegro,MNE,2014,0.31926522
France,FRA,2016,0.319237441
Estonia,EST,2008,0.319170781
Lithuania,LTU,2002,0.319155676
Indonesia - rural,,2014,0.319144118
United Kingdom,GBR,1986,0.318854672
Ireland,IRL,2014,0.318764525
Egypt,EGY,2004,0.318475454
Kazakhstan,KAZ,2004,0.318387585
Lebanon,LBN,2011,0.318324497
Poland,POL,2015,0.318235289
Egypt,EGY,2015,0.318233581
Ireland,IRL,2015,0.318215398
Germany,DEU,2005,0.318065533
Spain,ESP,2003,0.31804665
Iceland,ISL,2008,0.317892785
Kosovo,OWID_KOS,2009,0.317817157
Indonesia - urban,,2001,0.31758693
Albania,ALB,2002,0.317389798
Belarus,BLR,1999,0.317381486
Luxembourg,LUX,2016,0.317279828
Switzerland,CHE,2011,0.317136185
Cyprus,CYP,2008,0.317086618
South Korea,KOR,2006,0.317029842
Germany,DEU,2018,0.316984109
India,IND,1993,0.316961836
Switzerland,CHE,2002,0.316867314
Indonesia - rural,,2019,0.316865426
Lithuania,LTU,2000,0.316749339
Indonesia - rural,,2020,0.316691122
Indonesia - urban,,2000,0.316502561
Latvia,LVA,1996,0.316418652
France,FRA,2017,0.316320654
Canada,CAN,1997,0.316309688
Germany,DEU,2015,0.315833424
Norway,NOR,2004,0.315790769
Germany,DEU,2016,0.315743259
Switzerland,CHE,2012,0.315671265
South Korea,KOR,2012,0.315580517
China - urban,,1999,0.315475645
Egypt,EGY,2017,0.315339528
Indonesia - rural,,2021,0.315338915
Indonesia - rural,,2010,0.315333077
Hungary,HUN,2013,0.315041022
Austria,AUT,2009,0.314962324
Armenia,ARM,2014,0.314832907
Taiwan,TWN,2016,0.314827156
Canada,CAN,1987,0.31474026
Italy,ITA,1991,0.314683259
Cyprus,CYP,2010,0.314579286
Germany,DEU,2013,0.314524666
Niger,NER,2011,0.314517146
Kyrgyzstan,KGZ,2008,0.314506847
Montenegro,MNE,2007,0.314480677
Estonia,EST,2009,0.314436122
Cyprus,CYP,2017,0.31416234
France,FRA,2003,0.314111173
South Korea,KOR,2016,0.314048565
Indonesia,IDN,1987,0.314037701
Germany,DEU,2007,0.313695959
Ireland,IRL,2017,0.313598037
Australia,AUS,1981,0.31325787
Croatia,HRV,2000,0.313256437
Taiwan,TWN,1995,0.313241425
Austria,AUT,1994,0.313223423
Pakistan,PAK,2015,0.312912658
Maldives,MDV,2016,0.312856471
India - rural,,2017,0.312733027
India - rural,,2015,0.312638052
Pakistan,PAK,2005,0.312612538
Canada,CAN,1994,0.312557361
Kosovo,OWID_KOS,2005,0.312382299
Armenia,ARM,2007,0.312260583
Cyprus,CYP,2019,0.312242271
Germany,DEU,2017,0.312019051
Luxembourg,LUX,2009,0.31196918
Estonia,EST,2016,0.311968259
Germany,DEU,2006,0.311941216
South Korea,KOR,2014,0.311929046
Estonia,EST,2007,0.311801582
Belarus,BLR,2000,0.311674836
Luxembourg,LUX,2014,0.311583177
Romania,ROU,1995,0.311580259
Hungary,HUN,2007,0.311550914
Poland,POL,2018,0.311410486
Luxembourg,LUX,2007,0.311337503
India - rural,,2011,0.311275224
Cyprus,CYP,2006,0.311259618
Croatia,HRV,2015,0.311153148
Cyprus,CYP,2007,0.311132723
Taiwan,TWN,2000,0.311114764
Egypt,EGY,2008,0.311024361
Croatia,HRV,2001,0.311021619
Netherlands,NLD,1990,0.31090073
France,FRA,2000,0.310860624
Romania,ROU,1998,0.310832401
Austria,AUT,1995,0.310592689
Germany,DEU,2012,0.310557889
India - rural,,2018,0.310533577
Malta,MLT,2019,0.310420821
Kyrgyzstan,KGZ,2000,0.310350127
Canada,CAN,1991,0.310210857
India - rural,,2016,0.310115298
Montenegro,MNE,2009,0.310085163
Latvia,LVA,1995,0.30977489
Luxembourg,LUX,2006,0.309481202
Hungary,HUN,2003,0.309257555
Hungary,HUN,2014,0.309176611
Ireland,IRL,2008,0.309062183
Germany,DEU,2008,0.309044437
Croatia,HRV,2016,0.308997256
Pakistan,PAK,2004,0.308861069
Germany,DEU,2014,0.308718557
Slovenia,SVN,2003,0.308660228
India - rural,,2019,0.308629546
Austria,AUT,2018,0.308487901
Germany,DEU,2011,0.30847554
Luxembourg,LUX,2005,0.308408079
Taiwan,TWN,1997,0.308221064
Sao Tome and Principe,STP,2010,0.30821269
Montenegro,MNE,2011,0.308198538
Hungary,HUN,2012,0.308041866
Austria,AUT,2011,0.308016687
Austria,AUT,2016,0.30797074
Poland,POL,2016,0.307963476
Tajikistan,TJK,2009,0.307749544
Albania,ALB,2019,0.30771739
Estonia,EST,2019,0.307675428
Austria,AUT,2013,0.307531331
Bulgaria,BGR,1992,0.30714308
Fiji,FJI,2019,0.307068674
Myanmar,MMR,2017,0.306968695
France,FRA,2004,0.306473396
Moldova,MDA,2011,0.306285757
Ireland,IRL,2018,0.306029268
Norway,NOR,2005,0.305975573
Albania,ALB,2005,0.305956557
Hungary,HUN,2017,0.305841235
Austria,AUT,2007,0.305799959
Armenia,ARM,2013,0.305796632
Belarus,BLR,2001,0.305767237
China - rural,,1990,0.305734705
Belgium,BEL,2004,0.30541503
Austria,AUT,2014,0.305356828
Austria,AUT,2015,0.30532775
Romania,ROU,1997,0.305044268
Luxembourg,LUX,2010,0.305043781
Montenegro,MNE,2008,0.304879936
Germany,DEU,2009,0.304794277
Austria,AUT,2012,0.304763178
Romania,ROU,2006,0.304642964
India - rural,,2004,0.304535764
Luxembourg,LUX,2000,0.304473022
Austria,AUT,2008,0.304373858
Netherlands,NLD,1993,0.304349816
Hungary,HUN,2015,0.304082302
Estonia,EST,2017,0.303550262
Croatia,HRV,2017,0.303545759
Serbia,SRB,2018,0.303510575
Belarus,BLR,2002,0.303362442
Hungary,HUN,2016,0.303276185
Kosovo,OWID_KOS,2006,0.303216335
Estonia,EST,2018,0.303214513
Germany,DEU,2010,0.30319774
Kyrgyzstan,KGZ,2002,0.303023869
Poland,POL,2017,0.302965813
Germany,DEU,2004,0.302880037
Mongolia,MNG,1998,0.302719629
Cyprus,CYP,2005,0.302594562
Austria,AUT,2010,0.302522631
Iceland,ISL,2006,0.302451505
Malta,MLT,2009,0.30244797
Kazakhstan,KAZ,2006,0.302438652
Poland,POL,2019,0.302394724
Romania,ROU,2002,0.302299389
Austria,AUT,1997,0.302298534
Montenegro,MNE,2005,0.302172764
Austria,AUT,2019,0.302115515
Romania,ROU,2007,0.302072898
Egypt,EGY,2010,0.301914577
Hungary,HUN,2005,0.301910202
Luxembourg,LUX,2003,0.301874724
Luxembourg,LUX,2004,0.301726978
Kyrgyzstan,KGZ,2001,0.301639798
Luxembourg,LUX,1997,0.3015988
Albania,ALB,2018,0.301482817
Kyrgyzstan,KGZ,2010,0.301339151
India - rural,,1987,0.301336893
Egypt,EGY,1995,0.301269603
Indonesia - rural,,2007,0.301149382
Germany,DEU,2001,0.300966951
Cyprus,CYP,2004,0.300894008
Kazakhstan,KAZ,2007,0.300840563
Estonia,EST,1995,0.300647959
Germany,DEU,2003,0.300628368
India - rural,,1983,0.300593398
Nepal,NPL,1984,0.300575408
Netherlands,NLD,2006,0.300433266
Romania,ROU,2004,0.300393721
Montenegro,MNE,2006,0.300353596
Indonesia,IDN,2001,0.300239283
Hungary,HUN,2004,0.300224274
Armenia,ARM,2010,0.299925823
Albania,ALB,2008,0.299846704
Indonesia - rural,,2008,0.29982853
United Kingdom,GBR,1974,0.299772351
Ethiopia,ETH,1999,0.299757967
Sweden,SWE,2018,0.299741887
Taiwan,TWN,1981,0.299694825
Taiwan,TWN,1991,0.299678021
Bosnia and Herzegovina,BIH,2001,0.299664485
Hungary,HUN,2019,0.299504728
India - rural,,2009,0.299503037
Germany,DEU,2002,0.299411363
Romania,ROU,2003,0.299112872
Armenia,ARM,2019,0.298782071
Kyrgyzstan,KGZ,2009,0.29874916
Slovakia,SVK,2005,0.29834425
France,FRA,2005,0.29834014
Romania,ROU,2005,0.298193913
Ethiopia,ETH,2004,0.29806853
Netherlands,NLD,2004,0.298000261
Ukraine,UKR,2006,0.297943923
Austria,AUT,2004,0.297889898
Austria,AUT,2017,0.29737585
Serbia,SRB,2006,0.29729479
Croatia,HRV,2018,0.297294736
Armenia,ARM,2006,0.297099848
Ukraine,UKR,1992,0.297089214
Taiwan,TWN,1986,0.297079558
Kyrgyzstan,KGZ,2019,0.297012232
Pakistan,PAK,2011,0.29697957
France,FRA,2006,0.296910916
Croatia,HRV,2004,0.296774046
Pakistan,PAK,2007,0.296695024
Hungary,HUN,1991,0.296339535
Belarus,BLR,2007,0.296123799
Hungary,HUN,2018,0.296120444
Armenia,ARM,2012,0.296022614
Netherlands,NLD,2007,0.295927782
Guinea,GIN,2018,0.29591953
Pakistan,PAK,2018,0.295892656
Austria,AUT,2006,0.295875829
Romania,ROU,2008,0.295838115
Sweden,SWE,2016,0.295621745
Tajikistan,TJK,1999,0.29543138
Iraq,IRQ,2012,0.29541857
Pakistan,PAK,2013,0.295285731
Indonesia - rural,,2009,0.29499848
Iceland,ISL,2007,0.294709597
Austria,AUT,2003,0.294660779
Indonesia,IDN,2000,0.29458434
China - rural,,1987,0.29451064
Hungary,HUN,2010,0.294442259
Germany,DEU,1991,0.294398475
Malta,MLT,2015,0.294337734
Romania,ROU,2001,0.294290588
Romania,ROU,1999,0.294176679
China,CHN,1987,0.293859583
Malta,MLT,2012,0.293604486
Armenia,ARM,2011,0.293529458
Belgium,BEL,2005,0.293373291
Romania,ROU,2000,0.293238638
Sweden,SWE,2019,0.293055749
Poland,POL,1992,0.292985629
Netherlands,NLD,2008,0.292980122
Maldives,MDV,2019,0.292850913
Netherlands,NLD,2019,0.292483328
Germany,DEU,1994,0.292444552
Belgium,BEL,2007,0.292379744
Malta,MLT,2017,0.292322386
Indonesia - rural,,1984,0.29214717
Sweden,SWE,2015,0.292101908
Malta,MLT,2007,0.292077396
Armenia,ARM,2008,0.291881417
Slovenia,SVN,1993,0.291849925
Germany,DEU,1992,0.291688769
Moldova,MDA,2012,0.291588393
Hungary,HUN,2011,0.291583423
Malta,MLT,2011,0.291425912
Slovenia,SVN,2002,0.291216106
Germany,DEU,1999,0.291181605
China - urban,,1996,0.290892281
Malta,MLT,2016,0.290891145
Netherlands,NLD,2005,0.290482303
Ukraine,UKR,2002,0.290456955
Malta,MLT,2010,0.290258668
Ukraine,UKR,2005,0.290207136
Malta,MLT,2014,0.290203465
Serbia,SRB,2013,0.290171138
Serbia,SRB,2010,0.290166053
Kosovo,OWID_KOS,2017,0.290129438
Iceland,ISL,2005,0.290024469
Kyrgyzstan,KGZ,2015,0.289979154
Malta,MLT,2008,0.289955066
Kyrgyzstan,KGZ,2020,0.289892735
Germany,DEU,1995,0.289876628
Kosovo,OWID_KOS,2012,0.28972269
Ukraine,UKR,1999,0.289614644
Albania,ALB,2012,0.289604846
Hungary,HUN,2006,0.289589177
Kosovo,OWID_KOS,2003,0.28953855
Serbia,SRB,2019,0.289532461
Germany,DEU,2000,0.289400222
Slovakia,SVK,2004,0.289373885
Ukraine,UKR,2004,0.289340164
Ukraine,UKR,1993,0.289269836
Bulgaria,BGR,2003,0.289179044
Indonesia - rural,,2006,0.289171738
Croatia,HRV,2019,0.289090897
Rwanda - rural,,1984,0.288985949
Montenegro,MNE,2010,0.288930967
Bangladesh,BGD,1988,0.288465469
Malta,MLT,2013,0.288436638
Austria,AUT,2000,0.288371061
Sweden,SWE,2013,0.288252206
Belarus,BLR,2003,0.288210118
Kyrgyzstan,KGZ,2013,0.288154837
Romania,ROU,2018,0.287828663
Pakistan,PAK,2010,0.287808638
Sweden,SWE,2017,0.287746034
Belarus,BLR,1995,0.287617308
Croatia,HRV,1998,0.287483605
Denmark,DNK,2017,0.287466614
Austria,AUT,2005,0.287154333
Kyrgyzstan,KGZ,2003,0.287086471
Serbia,SRB,2007,0.287066993
Germany,DEU,1993,0.28675587
Malta,MLT,2018,0.286650862
Pakistan,PAK,1996,0.286649887
Ukraine,UKR,2003,0.286648936
Iceland,ISL,2009,0.2865641
Pakistan,PAK,2001,0.28653021
Timor,TLS,2014,0.286529264
Netherlands,NLD,2014,0.286314187
Iraq,IRQ,2006,0.286006124
India - rural,,1993,0.285865678
Belarus,BLR,2010,0.285665998
Belgium,BEL,2009,0.285513502
Denmark,DNK,2013,0.285437629
Netherlands,NLD,2017,0.285358194
Moldova,MDA,2013,0.285341589
Serbia,SRB,2015,0.285157361
Kazakhstan,KAZ,2008,0.284964438
Norway,NOR,2016,0.284937455
China - urban,,1993,0.284663601
United Kingdom,GBR,1979,0.284272222
Belgium,BEL,1995,0.284122689
Slovenia,SVN,1998,0.284066834
Sweden,SWE,2014,0.283897227
Belgium,BEL,2010,0.283751912
Germany,DEU,1996,0.283749419
Belgium,BEL,2008,0.283740114
Netherlands,NLD,1983,0.283660518
Denmark,DNK,2014,0.283528792
Romania,ROU,2016,0.283457048
Germany,DEU,1997,0.283144724
Egypt,EGY,2012,0.282922028
Germany,DEU,1998,0.282861958
Finland,FIN,2007,0.282855715
Belarus,BLR,2006,0.28275443
Netherlands,NLD,2015,0.282415795
Kazakhstan,KAZ,2009,0.282088668
Romania,ROU,1994,0.282005825
Romania,ROU,2009,0.281893464
Denmark,DNK,2016,0.281874407
Denmark,DNK,2015,0.281774465
Netherlands,NLD,2016,0.281735698
Kazakhstan,KAZ,2012,0.281688218
Denmark,DNK,2018,0.281663362
China,CHN,1981,0.281640967
Romania,ROU,2010,0.281582378
Belgium,BEL,2003,0.281439485
Bulgaria,BGR,2007,0.281363414
Belgium,BEL,2014,0.281341459
North Macedonia,MKD,1998,0.281285783
Sweden,SWE,2008,0.281213356
Netherlands,NLD,2018,0.281210804
Netherlands,NLD,2013,0.281064794
Slovakia,SVK,2013,0.280862088
Netherlands,NLD,1999,0.280633961
Belgium,BEL,2011,0.280606956
Belgium,BEL,2006,0.280544964
Malta,MLT,2006,0.280199761
Armenia,ARM,2009,0.280158774
Slovakia,SVK,2007,0.280048336
Finland,FIN,2006,0.279990754
Poland,POL,1986,0.27984542
Kazakhstan,KAZ,2011,0.279838438
Iceland,ISL,2004,0.279821402
Serbia,SRB,2009,0.279741493
Kazakhstan,KAZ,2010,0.279545118
Hungary,HUN,1993,0.279409738
Indonesia - rural,,2005,0.279028489
Finland,FIN,2004,0.278977659
Netherlands,NLD,2009,0.278819972
Netherlands,NLD,2010,0.278452473
Kyrgyzstan,KGZ,2011,0.278398638
Finland,FIN,2008,0.278382083
Kiribati,KIR,2019,0.27832703
Kosovo,OWID_KOS,2011,0.278317484
Belarus,BLR,2008,0.278260446
Timor,TLS,2007,0.27823316
Iceland,ISL,2014,0.278004157
Kazakhstan,KAZ,2018,0.277928746
Denmark,DNK,2012,0.277907505
Netherlands,NLD,2011,0.277500869
Norway,NOR,2019,0.277422833
Sweden,SWE,2010,0.277381608
Finland,FIN,2019,0.277373299
Belgium,BEL,2015,0.277294625
Indonesia - rural,,1987,0.277293256
Denmark,DNK,2019,0.277236462
Finland,FIN,2010,0.27714088
Slovakia,SVK,2006,0.277095102
Croatia,HRV,1999,0.277069422
Kyrgyzstan,KGZ,2018,0.276903271
Belarus,BLR,2009,0.276893063
Finland,FIN,2003,0.276866041
Belgium,BEL,2013,0.276692012
Sweden,SWE,2012,0.276453794
Finland,FIN,2011,0.276428194
Hungary,HUN,1999,0.27635403
Norway,NOR,2003,0.276272937
Netherlands,NLD,2012,0.276209308
Finland,FIN,2005,0.276195937
Algeria,DZA,2011,0.276157309
Sweden,SWE,2011,0.276066224
Indonesia - rural,,1996,0.275872084
Belgium,BEL,2016,0.275809819
Bangladesh,BGD,1991,0.275708056
Serbia,SRB,2008,0.275614211
Norway,NOR,2018,0.275608623
Belarus,BLR,2005,0.275534107
Czechia,CZE,2004,0.2753318
Hungary,HUN,2008,0.275140432
Norway,NOR,2015,0.274968957
Belgium,BEL,2012,0.274910949
Finland,FIN,2009,0.274554457
Romania,ROU,2013,0.274506993
Kazakhstan,KAZ,2017,0.274502759
Belgium,BEL,2017,0.273879678
Finland,FIN,2017,0.273830854
Norway,NOR,2000,0.273587853
Kyrgyzstan,KGZ,2012,0.273572741
Croatia,HRV,2010,0.273541012
Sweden,SWE,2009,0.273414697
Kyrgyzstan,KGZ,2017,0.273350091
Romania,ROU,2012,0.273342376
Finland,FIN,2018,0.273297728
Slovakia,SVK,2010,0.273157199
Denmark,DNK,2011,0.273117461
Kosovo,OWID_KOS,2014,0.272701724
Iceland,ISL,2016,0.272411053
Sweden,SWE,2000,0.272364418
Kazakhstan,KAZ,2016,0.272253251
Hungary,HUN,2000,0.272205813
Belgium,BEL,2019,0.272198008
Belgium,BEL,2018,0.272144137
Romania,ROU,2011,0.272115199
Denmark,DNK,2010,0.271985592
Finland,FIN,2013,0.271939589
Belarus,BLR,2014,0.271766668
Finland,FIN,2000,0.271566266
Belarus,BLR,2011,0.271525517
Sweden,SWE,2007,0.271161052
China,CHN,1984,0.271023016
Finland,FIN,2015,0.271020423
Finland,FIN,2012,0.270966304
Norway,NOR,2007,0.270908142
Finland,FIN,2016,0.270784844
Kazakhstan,KAZ,2013,0.27065428
Moldova,MDA,2015,0.270281581
Kazakhstan,KAZ,2014,0.270158598
Ukraine,UKR,2007,0.270126865
Albania,ALB,1996,0.27010342
Norway,NOR,2008,0.269965325
Latvia,LVA,1993,0.269931311
Norway,NOR,2017,0.269873302
Hungary,HUN,2009,0.269596398
Czechia,CZE,2005,0.269460429
Luxembourg,LUX,1994,0.269444385
Hungary,HUN,2001,0.269244844
Norway,NOR,1979,0.268947587
Poland,POL,1989,0.268924724
Slovakia,SVK,2008,0.268743958
Hungary,HUN,2002,0.268378903
Iceland,ISL,2003,0.26836037
Moldova,MDA,2014,0.268338526
Azerbaijan,AZE,2003,0.268328779
Belgium,BEL,1997,0.268325629
Iceland,ISL,2011,0.268307995
Sweden,SWE,2005,0.268256759
Kyrgyzstan,KGZ,2014,0.268190038
Kazakhstan,KAZ,2015,0.268036674
Luxembourg,LUX,1991,0.267893972
Iceland,ISL,2015,0.267879714
Kyrgyzstan,KGZ,2016,0.267807679
Finland,FIN,2014,0.26776976
Netherlands,NLD,1987,0.26771622
Iceland,ISL,2012,0.267694247
Norway,NOR,2014,0.267526268
Czechia,CZE,2006,0.267441556
Kosovo,OWID_KOS,2016,0.267211452
Denmark,DNK,2009,0.267015601
Poland,POL,1993,0.266988985
China - rural,,1984,0.266861278
Luxembourg,LUX,1985,0.266672476
Ukraine,UKR,2008,0.266382302
Czechia,CZE,2010,0.266235138
Azerbaijan,AZE,2004,0.266215925
Ukraine,UKR,2019,0.266194663
Czechia,CZE,1993,0.266047934
Belarus,BLR,2013,0.265750525
Czechia,CZE,2002,0.265550951
Azerbaijan,AZE,2005,0.265549077
Slovakia,SVK,2011,0.265383783
Indonesia - rural,,2004,0.265311108
Belarus,BLR,2012,0.26526199
Slovakia,SVK,2015,0.264916569
Belarus,BLR,2004,0.264798851
Czechia,CZE,2013,0.264739033
Indonesia - rural,,1990,0.26455078
Kosovo,OWID_KOS,2015,0.264541532
Hungary,HUN,1998,0.263819211
Czechia,CZE,2011,0.263813431
Bulgaria,BGR,1997,0.263782426
Norway,NOR,2013,0.263612033
Norway,NOR,2006,0.263541735
Sweden,SWE,2006,0.263524928
Moldova,MDA,2016,0.263453868
Kosovo,OWID_KOS,2013,0.263065917
Czechia,CZE,2008,0.262802722
Slovakia,SVK,1996,0.262776853
Slovenia,SVN,2013,0.262411044
Denmark,DNK,1987,0.262350397
Denmark,DNK,2007,0.26184259
Iceland,ISL,2010,0.261716196
Norway,NOR,2009,0.261583686
Czechia,CZE,2009,0.261566746
Sweden,SWE,2004,0.261421744
Iceland,ISL,2017,0.261315802
Slovakia,SVK,2012,0.261162957
Czechia,CZE,2012,0.261100175
Slovakia,SVK,2014,0.26106635
Ukraine,UKR,2018,0.260714857
Ukraine,UKR,2017,0.260490491
Norway,NOR,1995,0.260205324
Moldova,MDA,2019,0.260166467
Slovakia,SVK,2009,0.260160967
Indonesia - rural,,1993,0.26001828
Czechia,CZE,2007,0.259986894
Czechia,CZE,2014,0.259232209
Denmark,DNK,2006,0.25913077
Moldova,MDA,2017,0.258992448
Bangladesh,BGD,1983,0.258764899
Czechia,CZE,2015,0.25867433
Czechia,CZE,1996,0.257990097
Norway,NOR,2012,0.257262609
Norway,NOR,2010,0.257239667
Belgium,BEL,1988,0.25714683
Indonesia - rural,,1998,0.256841505
Moldova,MDA,2018,0.256616481
Slovenia,SVN,2014,0.256575347
Belarus,BLR,2015,0.256332263
Denmark,DNK,2003,0.256316711
Ukraine,UKR,2020,0.256273613
China - urban,,1990,0.255946399
Slovenia,SVN,2012,0.255855023
Indonesia - rural,,2002,0.255338199
Poland,POL,1987,0.255251278
Romania,ROU,1992,0.254617279
Ukraine,UKR,2015,0.254575403
Belarus,BLR,2017,0.2544457
Slovenia,SVN,2015,0.254084646
Czechia,CZE,2016,0.254063329
Iceland,ISL,2013,0.254029149
Indonesia - rural,,2003,0.253587074
Ukraine,UKR,2009,0.253166637
Belarus,BLR,2016,0.253066162
Norway,NOR,2011,0.253003652
Belarus,BLR,2019,0.252778477
Azerbaijan,AZE,2002,0.252776662
Sweden,SWE,2003,0.252697464
Czechia,CZE,2019,0.252621969
Denmark,DNK,2008,0.252465008
Belarus,BLR,2018,0.252405254
Sweden,SWE,1995,0.252365056
Norway,NOR,1991,0.252275847
Belgium,BEL,1985,0.252038515
Denmark,DNK,2005,0.251868891
Armenia,ARM,2020,0.251717426
Slovakia,SVK,2016,0.251677467
Poland,POL,1985,0.251649662
Hungary,HUN,1989,0.250477788
Ukraine,UKR,2016,0.25002203
Czechia,CZE,2018,0.249903408
Slovakia,SVK,2018,0.249701475
Belgium,BEL,1992,0.249518773
Slovenia,SVN,2010,0.249332595
Denmark,DNK,2004,0.249127965
Sweden,SWE,1992,0.249087335
Slovenia,SVN,2011,0.248680337
Czechia,CZE,2017,0.248522097
Ukraine,UKR,2010,0.248189756
Slovenia,SVN,2004,0.247907384
Slovenia,SVN,2009,0.247877353
Slovenia,SVN,2016,0.247579359
Indonesia - rural,,1999,0.247565357
Ukraine,UKR,2012,0.247406569
China - rural,,1981,0.247292331
Denmark,DNK,1992,0.246938104
Slovenia,SVN,2005,0.246348632
Slovenia,SVN,2018,0.246333645
Norway,NOR,1986,0.24630483
Ukraine,UKR,2013,0.245549855
Ukraine,UKR,2011,0.245518438
Slovenia,SVN,2019,0.243842324
Belarus,BLR,2020,0.243833552
Slovenia,SVN,2006,0.243639268
Slovenia,SVN,2007,0.243547532
Bulgaria,BGR,1994,0.243219703
Sweden,SWE,1975,0.242854695
Slovenia,SVN,2017,0.242193073
Slovenia,SVN,1997,0.241215008
Indonesia - rural,,2000,0.241015255
Slovenia,SVN,1999,0.240428866
Ukraine,UKR,2014,0.240253659
Indonesia - rural,,2001,0.239026339
Denmark,DNK,2000,0.237663197
Slovenia,SVN,2008,0.23718019
Slovenia,SVN,1987,0.235983699
Finland,FIN,1995,0.23459137
Bulgaria,BGR,1989,0.234271846
Romania,ROU,1989,0.233073034
Slovakia,SVK,2017,0.23237751
Slovakia,SVK,2019,0.232323245
Sweden,SWE,1987,0.23057627
Austria,AUT,1987,0.230444933
Denmark,DNK,1995,0.229558964
Sweden,SWE,1981,0.229235733
Finland,FIN,1991,0.228797617
Finland,FIN,1987,0.221713987
Belarus,BLR,1993,0.216037193
Hungary,HUN,1987,0.209600307
Czechia,CZE,1992,0.207032835
China - urban,,1987,0.201993541
Slovakia,SVK,1992,0.201865781
China - urban,,1981,0.184618573
China - urban,,1984,0.177919784
