Entity,Code,Year,Share of the richest decile in total income or expenditure
Malawi,MWI,1997,61.49113543
Namibia,NAM,2003,54.78787461
South Africa,ZAF,2005,54.22975835
Botswana,BWA,2002,53.08274553
Belize,BLZ,1994,52.51856382
Namibia,NAM,2009,51.8369473
South Africa,ZAF,2008,51.26437628
South Africa,ZAF,2010,51.26033597
Botswana,BWA,1993,51.20005808
Brazil,BRA,1989,51.14934588
Belize,BLZ,1993,51.14041188
South Africa,ZAF,2014,50.49895281
Belize,BLZ,1997,50.30584212
Botswana,BWA,2009,49.61344802
Eswatini,SWZ,1994,49.53159354
Micronesia (country) - urban,,2000,49.34121464
Brazil,BRA,1988,49.19049326
Brazil,BRA,1993,48.45445096
Lesotho,LSO,1994,48.27369745
Honduras,HND,1989,48.181617
Comoros,COM,2004,48.09803699
Brazil,BRA,1990,48.07811422
Kenya,KEN,1992,47.86956246
Ecuador,ECU,1999,47.8509113
Bolivia,BOL,2000,47.84049076
Haiti,HTI,2001,47.82381496
Central African Republic,CAF,1992,47.73327467
Brazil,BRA,1998,47.59190964
Brazil,BRA,1995,47.54386478
Colombia - urban,,1980,47.44688149
Brazil,BRA,1997,47.39163613
Brazil,BRA,1987,47.38407454
Brazil,BRA,1996,47.3513538
Namibia,NAM,2015,47.25009801
Chile,CHL,1990,47.0505118
Colombia,COL,2000,47.00824128
Brazil,BRA,1999,47.00050782
Colombia,COL,1999,46.90258743
Brazil,BRA,1983,46.79312159
Guatemala,GTM,1989,46.78341391
Guatemala,GTM,1986,46.72727396
South Africa,ZAF,1993,46.65974564
Bolivia,BOL,2002,46.61495094
Brazil,BRA,1986,46.56882029
Belize,BLZ,1996,46.54638955
Brazil,BRA,1984,46.53019173
Colombia,COL,2001,46.32220851
Brazil,BRA,1982,46.23349328
Central African Republic,CAF,2008,46.21854362
Paraguay,PRY,2002,46.17147035
Brazil,BRA,2002,46.13413065
Honduras,HND,2005,46.12433523
Paraguay,PRY,1995,46.10871892
Brazil,BRA,2001,46.09611016
Ecuador,ECU,2000,45.91534297
Chile,CHL,1994,45.90671
Brazil,BRA,1981,45.88057952
Colombia,COL,1996,45.63734616
Mozambique,MOZ,2014,45.47815357
Honduras,HND,1990,45.46625354
Brazil,BRA,2003,45.41353421
Chile,CHL,1987,45.39136898
Bolivia,BOL,1997,45.36248761
Bolivia,BOL,2005,45.26919552
Zambia,ZMB,2010,45.23262375
Chile,CHL,1992,45.19586476
Colombia,COL,2002,45.18826934
Honduras,HND,2003,45.05302666
Chile,CHL,1998,44.97181069
South Africa,ZAF,2000,44.93052911
Honduras,HND,2004,44.87460755
Brazil,BRA,2005,44.6348619
Honduras,HND,1998,44.62384898
Brazil,BRA,2004,44.53827407
Colombia,COL,2004,44.52738101
Chile,CHL,1996,44.4273982
Zambia,ZMB,2015,44.3808936
Bolivia,BOL,2001,44.15981085
Eswatini,SWZ,2000,44.13340738
Belize,BLZ,1995,44.12202909
Paraguay,PRY,2003,44.08649444
Panama,PAN,1997,44.07868386
Brazil,BRA,2006,44.05685781
Honduras,HND,2006,43.98653714
Bolivia,BOL,2004,43.91631173
Rwanda,RWA,2005,43.88040297
Guatemala,GTM,2000,43.86378267
Honduras,HND,1995,43.82114315
Mozambique,MOZ,1996,43.75473013
Belize,BLZ,1998,43.70889215
Honduras,HND,1996,43.70818171
Colombia,COL,2008,43.69644071
Peru,PER,1999,43.62926999
Peru,PER,1998,43.60031756
Lesotho,LSO,1986,43.56851991
Bolivia,BOL,2006,43.5610565
Honduras,HND,1994,43.49681386
Venezuela,VEN,1981,43.44848508
Panama,PAN,1998,43.42346257
Colombia,COL,2010,43.41359743
Honduras - urban,,1986,43.25547251
Panama,PAN,1995,43.21383413
Guatemala,GTM,2006,43.20907939
Brazil,BRA,2007,43.19421571
Colombia,COL,2005,43.19103379
Panama,PAN,2000,43.1744248
Zambia,ZMB,2006,43.16186213
Honduras,HND,2007,43.07758121
Paraguay,PRY,2001,43.07223151
Honduras,HND,2008,43.02956409
Panama,PAN,2002,42.98013442
Zambia,ZMB,1991,42.93146069
Botswana,BWA,1985,42.93086847
Colombia,COL,2009,42.91420794
Panama,PAN,1989,42.86355222
Senegal,SEN,1991,42.81530005
Honduras,HND,1993,42.80124929
Colombia,COL,2003,42.78068424
Burkina Faso,BFA,1998,42.74456248
Eswatini,SWZ,2016,42.73134934
Honduras,HND,2002,42.71325778
Zambia,ZMB,2004,42.66792252
Panama,PAN,2001,42.64133039
Cape Verde,CPV,2001,42.63956881
Bolivia,BOL,1999,42.60368144
Chile,CHL,2000,42.58189156
Brazil,BRA,1985,42.54930146
Paraguay,PRY,2007,42.53622011
Panama,PAN,1991,42.53039815
Brazil,BRA,2008,42.49895192
Mauritania,MRT,1993,42.4905155
Panama,PAN,1999,42.48901709
Ecuador,ECU,1994,42.46872948
Brazil,BRA,2018,42.45251968
Belize,BLZ,1999,42.43645336
Ecuador,ECU,2004,42.43241057
Paraguay,PRY,2006,42.41199114
Brazil,BRA,2012,42.38646095
Colombia,COL,2011,42.35840835
Mexico,MEX,1994,42.34742446
Colombia - urban,,1989,42.31239673
Mexico,MEX,1992,42.22909047
Panama,PAN,2003,42.21238907
Peru,PER,2003,42.20120787
Brazil,BRA,2009,42.1839808
Colombia,COL,2020,42.15697557
Mexico,MEX,1996,42.13685954
Suriname - urban,,1999,42.11351417
Paraguay,PRY,1999,42.10949356
Peru,PER,2002,42.06600336
Mexico,MEX,2000,42.04099261
Brazil,BRA,2016,42.02827438
Ecuador,ECU,2007,42.02268115
Ecuador,ECU,2003,42.01947018
Guinea-Bissau,GNB,2010,41.99985317
Paraguay,PRY,2004,41.98863614
Brazil,BRA,2017,41.98302717
Dominican Republic,DOM,1992,41.94765979
Brazil,BRA,2019,41.92336596
Bolivia,BOL,2007,41.85604984
Honduras,HND,1999,41.85264129
Dominican Republic,DOM,2003,41.74822025
Brazil,BRA,2013,41.73824183
Brazil,BRA,2011,41.71086922
Dominican Republic,DOM,2004,41.70463255
Honduras,HND,2001,41.57040329
Botswana,BWA,2015,41.47603335
Paraguay,PRY,1997,41.43845885
Honduras,HND,1997,41.395266
El Salvador,SLV,1991,41.3855839
Honduras,HND,1992,41.36885014
Colombia,COL,2013,41.36878414
Colombia,COL,2014,41.36827408
Chile,CHL,2003,41.35426186
Paraguay,PRY,2011,41.35196602
Colombia,COL,2012,41.28301127
Panama,PAN,2004,41.25108621
Colombia - urban,,1988,41.20633704
Dominican Republic,DOM,2006,41.19467115
Ecuador,ECU,2005,41.14371203
Panama,PAN,2006,41.12861672
Ecuador,ECU,2006,41.1189518
Brazil,BRA,2014,41.04911407
Brazil,BRA,2015,40.85494826
Honduras,HND,1991,40.81034876
Rwanda,RWA,2000,40.80334852
Peru,PER,1997,40.79239978
Venezuela,VEN,1987,40.77731225
Panama,PAN,2008,40.70854076
Paraguay,PRY,2014,40.70246386
Nigeria,NGA,1996,40.68897106
Mexico,MEX,1989,40.5882408
El Salvador,SLV,1998,40.52918178
Argentina - urban,,2002,40.50619021
Paraguay,PRY,2010,40.48570846
Colombia,COL,1992,40.4583569
Paraguay,PRY,2005,40.44030254
Mali,MLI,1994,40.43909109
Costa Rica,CRI,2002,40.43355204
Mexico,MEX,1998,40.43297204
Honduras,HND,2012,40.3971545
Colombia,COL,2019,40.31312538
Angola,AGO,2000,40.24551558
Dominican Republic,DOM,2000,40.22406075
Honduras,HND,2010,40.20407322
Panama,PAN,2005,40.19422422
Panama,PAN,2009,40.11588435
Paraguay,PRY,2008,40.09572026
Ecuador - urban,,1995,40.02924036
Eswatini,SWZ,2009,39.98851853
Colombia,COL,2015,39.9430277
Seychelles,SYC,2013,39.884393
Rwanda,RWA,2010,39.83605416
Dominican Republic,DOM,1989,39.81056522
Colombia,COL,2016,39.78618556
Honduras,HND,2011,39.74397572
Panama,PAN,2007,39.74120931
Costa Rica,CRI,2001,39.69909886
Brazil,BRA,1992,39.68669814
Panama,PAN,2012,39.66879318
Panama,PAN,2011,39.6643499
Colombia,COL,2018,39.66259568
Panama,PAN,2010,39.65095775
Mexico,MEX,2002,39.64966694
Mexico,MEX,2004,39.63576238
Angola,AGO,2018,39.62442597
Panama,PAN,2013,39.60884756
Mexico,MEX,2005,39.58199507
Mexico,MEX,2014,39.54913788
Colombia - urban,,1991,39.49405134
Argentina - urban,,2001,39.47738588
Burkina Faso,BFA,1994,39.4689136
Brazil,BRA,2020,39.44602162
Costa Rica,CRI,2009,39.4303492
El Salvador,SLV,1996,39.35521491
Mozambique,MOZ,2002,39.35360938
Zambia,ZMB,1993,39.28040958
Dominican Republic,DOM,2001,39.20510025
Bolivia - urban,,1992,39.17012321
Peru,PER,2001,39.13846442
Mexico,MEX,2008,39.11430447
Paraguay,PRY,2017,39.07055979
Panama,PAN,2015,39.02225099
Colombia,COL,2017,38.98341185
El Salvador,SLV,2000,38.97702617
Dominican Republic,DOM,2005,38.95179735
Mexico,MEX,2006,38.91815194
Costa Rica,CRI,2007,38.90459166
Mexico,MEX,2012,38.85920162
El Salvador,SLV,2002,38.83234545
El Salvador,SLV,1995,38.81009827
Nicaragua,NIC,1993,38.72163149
Dominican Republic,DOM,2009,38.71963868
Thailand,THA,1992,38.64938075
El Salvador,SLV,1999,38.64789406
Saint Lucia,LCA,2016,38.62278936
El Salvador,SLV,2001,38.60446466
Dominican Republic,DOM,2007,38.60413045
Bolivia,BOL,2008,38.54018488
Peru,PER,2005,38.51349258
Panama,PAN,2014,38.49385918
Malaysia,MYS,1984,38.45030183
Ecuador - urban,,1987,38.44244739
Malaysia,MYS,1997,38.41646984
Honduras,HND,2009,38.4096915
Dominican Republic,DOM,2002,38.33244839
Russia,RUS,1993,38.28529901
Lesotho,LSO,2002,38.28005906
Costa Rica,CRI,2006,38.27769134
Chile,CHL,2009,38.21948783
Peru,PER,2006,38.16326515
Zambia,ZMB,1998,38.15975723
Ecuador,ECU,2008,38.11322654
Malawi,MWI,2016,38.0934921
Paraguay,PRY,2009,38.05705161
Argentina - urban,,1998,38.05133958
Guatemala,GTM,2014,38.05048965
Ethiopia,ETH,1995,38.04789942
Panama,PAN,2019,38.03134862
Jamaica,JAM,2002,38.01016529
Peru,PER,2004,37.95309838
Rwanda,RWA,2013,37.93146945
Congo,COG,2011,37.92931734
Dominican Republic,DOM,2013,37.9217275
Chile,CHL,2006,37.89333988
Mexico,MEX,1984,37.87241795
Dominican Republic,DOM,1997,37.86303949
Ecuador - urban,,1998,37.85985953
Malaysia,MYS,1995,37.85709684
Panama,PAN,2016,37.8507333
Peru,PER,2007,37.80056232
Dominican Republic,DOM,2008,37.79206274
Mexico,MEX,2016,37.77360007
Panama,PAN,2017,37.70778522
Argentina - urban,,2000,37.70048652
Argentina - urban,,2003,37.68532395
Gambia,GMB,1998,37.66425673
Costa Rica,CRI,2008,37.66206094
Benin,BEN,2015,37.62400758
Ecuador,ECU,2010,37.53977107
Burkina Faso,BFA,2018,37.5236788
Dominican Republic,DOM,2011,37.49654396
Uganda,UGA,2002,37.46615875
Chile,CHL,2013,37.37352455
Honduras,HND,2014,37.36828436
Paraguay,PRY,2016,37.34832911
Zambia,ZMB,1996,37.32990528
Paraguay,PRY,2013,37.29790625
Chile,CHL,2011,37.29306711
Costa Rica,CRI,2016,37.27723262
El Salvador,SLV,2003,37.26456487
Nicaragua,NIC,2014,37.21440834
Cape Verde,CPV,2007,37.14029911
Ecuador,ECU,2009,37.11332262
Panama,PAN,2018,37.1079762
Mexico,MEX,2010,37.0932735
Mexico,MEX,2018,37.05912388
Argentina - urban,,1999,37.04826959
Madagascar,MDG,1993,37.03966567
Madagascar,MDG,1980,37.02294326
Malaysia,MYS,1992,37.01692517
Costa Rica,CRI,2003,36.99922715
Costa Rica,CRI,2020,36.98987851
Argentina - urban,,1995,36.97560343
Costa Rica,CRI,2013,36.9657529
Costa Rica,CRI,2017,36.96249291
Honduras,HND,2013,36.95033515
Malaysia,MYS,1987,36.93875691
Costa Rica,CRI,2014,36.92475453
Bolivia,BOL,2009,36.91911804
Costa Rica,CRI,2011,36.91376018
Nepal,NPL,2003,36.88536625
Argentina - urban,,1996,36.88060654
Paraguay,PRY,2012,36.8732197
Malawi,MWI,2010,36.85893621
Iran,IRN,1986,36.85675962
Gambia,GMB,2003,36.85387094
Congo,COG,2005,36.85238499
Kenya,KEN,2005,36.8209728
Costa Rica,CRI,2015,36.80413578
Mozambique,MOZ,2008,36.78071524
El Salvador,SLV,2005,36.78020541
Costa Rica,CRI,2010,36.77480038
Peru,PER,2000,36.77440966
Paraguay,PRY,2015,36.73088389
Costa Rica,CRI,2019,36.65763581
Madagascar,MDG,2001,36.63850744
Costa Rica,CRI,2012,36.61206732
Argentina - urban,,1991,36.60929129
Honduras,HND,2015,36.60694646
Costa Rica,CRI,2004,36.57669831
Honduras,HND,2017,36.55554816
Dominican Republic,DOM,2010,36.54360932
Dominican Republic,DOM,1996,36.49953356
Uganda,UGA,2009,36.44272987
Venezuela,VEN,2005,36.43311892
Malaysia,MYS,1989,36.41095712
Argentina - urban,,1997,36.37426934
Thailand,THA,1990,36.36217677
Costa Rica,CRI,2018,36.34806564
Chile,CHL,2017,36.3419035
Philippines,PHL,1997,36.27033928
Kenya,KEN,1997,36.25159937
Niger,NER,2005,36.23713906
Venezuela,VEN,2002,36.22658551
Cameroon,CMR,1996,36.15324547
El Salvador,SLV,2008,36.12237598
Dominican Republic,DOM,1986,36.1051525
Chile,CHL,2015,36.05857098
Dominican Republic,DOM,2012,36.04954209
Honduras,HND,2016,36.04951475
Ecuador,ECU,2020,36.04785139
Guinea,GIN,1994,36.04530995
Bolivia,BOL,2014,36.04517805
Panama,PAN,1979,35.99652321
Venezuela,VEN,1999,35.98522498
El Salvador,SLV,2009,35.97668029
Costa Rica,CRI,2005,35.88492671
Costa Rica,CRI,1999,35.87721068
Nicaragua,NIC,1998,35.85786085
Chile,CHL,2020,35.79744685
Venezuela,VEN,1998,35.78182178
Paraguay,PRY,2018,35.76137473
Jamaica,JAM,2004,35.75783203
Solomon Islands,SLB,2005,35.74661576
El Salvador,SLV,2007,35.71319952
Ecuador,ECU,2013,35.68076006
Costa Rica,CRI,2000,35.67903091
El Salvador,SLV,2004,35.63806329
Rwanda,RWA,2016,35.63444639
Cote d'Ivoire,CIV,1985,35.60782737
Venezuela,VEN,1995,35.57956088
El Salvador,SLV,2006,35.56170053
North Macedonia,MKD,2008,35.56064273
Russia,RUS,1996,35.55173815
Thailand,THA,1981,35.50780918
Mexico,MEX,2020,35.458431
Uruguay,URY,2007,35.42893885
Peru,PER,2008,35.40088303
Dominican Republic,DOM,2016,35.3637726
Honduras,HND,2018,35.34019094
Thailand,THA,1988,35.32851945
Kyrgyzstan,KGZ,1998,35.27055328
Venezuela,VEN,2001,35.26872395
Costa Rica,CRI,1994,35.25282091
Argentina - urban,,2004,35.2359936
Bolivia,BOL,2013,35.2243725
Armenia,ARM,1996,35.22151334
Peru,PER,2009,35.1947728
Paraguay,PRY,2019,35.18660846
Peru,PER,1985,35.15504843
Dominican Republic,DOM,2018,35.15348111
Turkey,TUR,1987,35.1316989
Malaysia,MYS,2003,35.12368399
Venezuela,VEN,2003,35.10292657
Cameroon,CMR,2014,35.04315275
Uruguay,URY,2006,35.03589696
Jamaica,JAM,1999,35.03079664
Jordan,JOR,1992,34.98948116
Gambia,GMB,2010,34.92232054
Ecuador,ECU,2015,34.90309782
Uganda,UGA,1999,34.8944029
Argentina - urban,,2005,34.89429285
Thailand,THA,1994,34.88896679
Dominican Republic,DOM,2015,34.85187107
Maldives,MDV,2002,34.83969752
Zimbabwe,ZWE,2017,34.80777892
Bolivia,BOL,2015,34.79842603
Philippines,PHL,1991,34.69503943
Uruguay - urban,,2004,34.67834359
Venezuela,VEN,2004,34.67439594
Honduras,HND,2019,34.64680809
Ecuador,ECU,2012,34.61666579
Uruguay,URY,2009,34.55886986
Togo,TGO,2011,34.5313554
Uganda,UGA,2005,34.5271787
Uganda,UGA,2019,34.51216803
Ecuador,ECU,2019,34.48763692
Benin,BEN,2011,34.47828985
Papua New Guinea,PNG,1996,34.4693628
Argentina - urban,,1994,34.44659696
Guyana,GUY,1998,34.44614715
Ecuador,ECU,2018,34.41619316
Ecuador,ECU,2014,34.3986126
Guinea-Bissau,GNB,1993,34.39604832
Djibouti,DJI,2012,34.38605069
Moldova,MDA,1999,34.35954685
Madagascar,MDG,2010,34.30603083
Costa Rica,CRI,1996,34.30032868
Costa Rica,CRI,1991,34.29706835
Argentina - urban,,1992,34.28712165
Uruguay,URY,2008,34.2832038
Uruguay - urban,,2003,34.28100817
Thailand,THA,1996,34.27697405
Ecuador,ECU,2016,34.26764791
Argentina - urban,,1987,34.2518897
El Salvador,SLV,2013,34.2351925
Peru,PER,2010,34.2202489
Uruguay - urban,,2002,34.21112104
Uganda,UGA,2016,34.21103756
Nicaragua,NIC,2009,34.20603417
Indonesia - urban,,2015,34.19149685
Malaysia,MYS,2008,34.15017208
Ecuador,ECU,2011,34.11788146
Djibouti,DJI,2013,34.0986045
Samoa,WSM,2008,34.08938481
Tunisia,TUN,1985,34.08427037
Thailand,THA,1999,34.06312986
Philippines,PHL,2000,34.06207849
Costa Rica,CRI,1998,34.01960554
Seychelles,SYC,1999,34.00560033
Iran,IRN,2006,33.99347822
Guinea,GIN,2002,33.96448165
Senegal,SEN,1994,33.89434652
Costa Rica,CRI,1997,33.84728185
Malaysia,MYS,2006,33.84518559
Zimbabwe,ZWE,2011,33.83012609
Ecuador,ECU,2017,33.8040947
Thailand,THA,2004,33.78971663
Burkina Faso,BFA,2003,33.77974729
Costa Rica,CRI,1995,33.76418926
Seychelles,SYC,2006,33.74736255
Iran,IRN,1998,33.74457537
Costa Rica,CRI,1992,33.73518665
Argentina - urban,,2006,33.73475466
Costa Rica,CRI,1981,33.73238049
Uruguay - urban,,2001,33.73006073
Indonesia - urban,,2012,33.72973993
Zambia,ZMB,2002,33.72056486
Costa Rica,CRI,1993,33.7066672
Uganda,UGA,1989,33.6963814
Thailand,THA,2000,33.6877459
Bolivia,BOL,2011,33.68712902
Argentina - urban,,2007,33.67226342
Bolivia,BOL,2012,33.67144631
Nicaragua,NIC,2001,33.67040366
Comoros,COM,2014,33.66674908
Jamaica,JAM,1988,33.66378582
Cameroon,CMR,2001,33.64551356
Uruguay,URY,2010,33.60510618
Uruguay - urban,,2005,33.60421757
Philippines,PHL,1994,33.5916407
Indonesia - urban,,2011,33.56466639
Iran,IRN,1990,33.54633849
Uganda,UGA,1992,33.52091215
Dominican Republic,DOM,2017,33.50158007
Madagascar,MDG,2012,33.48646612
Peru,PER,2011,33.47848299
Indonesia - urban,,2014,33.47039741
Turkey,TUR,2015,33.45910735
Senegal,SEN,2001,33.44485895
Dominican Republic,DOM,2014,33.37900418
Kenya,KEN,1994,33.37301257
Indonesia - urban,,2013,33.32346711
Uruguay - urban,,1981,33.31595197
Iran,IRN,2005,33.31292736
Paraguay,PRY,2020,33.3051702
Iran,IRN,1994,33.29264489
Peru,PER,2012,33.25385907
Costa Rica,CRI,1989,33.25066081
El Salvador,SLV,2010,33.23034853
Peru,PER,1994,33.21221166
South Sudan,SSD,2009,33.20374011
Argentina - urban,,1993,33.2013892
Malaysia,MYS,2011,33.18693983
Venezuela,VEN,2006,33.18656956
Thailand,THA,2002,33.17715713
Philippines,PHL,2006,33.15647546
Gabon,GAB,2005,33.14599264
Tanzania,TZA,2018,33.12075786
Dominican Republic,DOM,2019,33.10777501
Morocco,MAR,2006,33.10082582
Cameroon,CMR,2007,33.03795428
Costa Rica,CRI,1990,33.00320911
Indonesia,IDN,2015,32.99365134
Philippines,PHL,2012,32.9389158
Indonesia,IDN,2013,32.92033328
Fiji,FJI,2008,32.90755924
Indonesia,IDN,2012,32.90158926
Lesotho,LSO,2017,32.89834079
Peru,PER,2020,32.89828664
Togo,TGO,2018,32.88085175
Uganda,UGA,2012,32.87115931
Sao Tome and Principe,STP,2017,32.86628737
Malawi,MWI,2004,32.83021069
Algeria,DZA,1988,32.81236515
China - rural,,2010,32.7884317
Cote d'Ivoire,CIV,1995,32.78381856
Russia,RUS,2007,32.76964769
Turkey,TUR,2005,32.76411853
El Salvador,SLV,2011,32.75364928
Philippines,PHL,1985,32.73485268
Cote d'Ivoire,CIV,2002,32.71213417
Burundi,BDI,1998,32.70388158
Philippines,PHL,2009,32.69212161
Sri Lanka,LKA,2002,32.69037526
Peru,PER,2013,32.6877589
Ghana,GHA,2005,32.68618326
Jamaica,JAM,1996,32.67744667
Uzbekistan,UZB,1998,32.6698106
Cote d'Ivoire,CIV,2008,32.64326659
Togo,TGO,2006,32.64200686
Indonesia,IDN,2011,32.641446
Mauritania,MRT,2004,32.63371426
China,CHN,2010,32.63252941
Turkey,TUR,2018,32.62392452
Bulgaria,BGR,2018,32.61934793
Peru,PER,2015,32.61077392
El Salvador,SLV,2012,32.58991644
Bolivia,BOL,2020,32.57501343
Sri Lanka,LKA,2016,32.56268442
Peru,PER,2016,32.55767706
Indonesia,IDN,2014,32.51124748
Samoa,WSM,2002,32.50674233
Philippines,PHL,2003,32.49649287
Iran,IRN,2018,32.49233381
Venezuela,VEN,1989,32.48978889
Thailand,THA,2006,32.48851794
Russia,RUS,2008,32.4870358
Micronesia (country),FSM,2005,32.48062322
Saint Lucia,LCA,1995,32.4802867
Niger,NER,1994,32.47347871
Russia,RUS,2013,32.4486512
Madagascar,MDG,2005,32.44397154
Chad,TCD,2011,32.43533581
Bolivia,BOL,2016,32.42976317
Argentina - urban,,2008,32.4076002
Turkey,TUR,2003,32.40597025
Democratic Republic of Congo,COD,2004,32.3958565
Sri Lanka,LKA,2006,32.32776008
Thailand,THA,1998,32.31338033
Angola,AGO,2008,32.3117339
Djibouti,DJI,2017,32.30983302
Cape Verde,CPV,2015,32.30222161
Peru,PER,2017,32.29961993
India - urban,,2019,32.28674878
Uruguay - urban,,1989,32.22919939
Bhutan,BTN,2003,32.21764764
Ghana,GHA,2016,32.21116922
Argentina - urban,,1986,32.20808276
Uruguay - urban,,2000,32.19768394
North Macedonia,MKD,2006,32.17793254
Russia,RUS,2012,32.16839253
El Salvador,SLV,2014,32.15091829
Peru,PER,2014,32.14093593
Morocco,MAR,2000,32.13316898
Turkey,TUR,2016,32.08926431
India - urban,,2017,32.06712894
Jamaica,JAM,1990,32.05186498
Burkina Faso,BFA,2009,32.04796096
Cote d'Ivoire,CIV,1987,32.03331022
Sierra Leone,SLE,2003,32.02410868
Bolivia,BOL,2017,32.0047253
Democratic Republic of Congo,COD,2012,31.99392234
Philippines,PHL,1988,31.96900017
China,CHN,2008,31.96597316
Turkey,TUR,1994,31.95953456
Mauritania,MRT,1987,31.95617823
United Kingdom,GBR,2000,31.93804797
Cote d'Ivoire,CIV,2015,31.93143421
Sri Lanka,LKA,2012,31.92858978
Tanzania,TZA,2007,31.92273564
Turkey,TUR,2017,31.91112916
Morocco,MAR,2013,31.88516492
Bulgaria,BGR,2017,31.88040592
Russia,RUS,2014,31.87125176
Turkey,TUR,2002,31.85955618
Morocco,MAR,1984,31.84375747
India - urban,,2011,31.82928475
El Salvador,SLV,2015,31.82663851
Malaysia,MYS,2013,31.82160298
China,CHN,2011,31.81848402
India - urban,,2009,31.75227487
Tunisia,TUN,1995,31.74940973
Ghana,GHA,2012,31.7476192
Bolivia - urban,,1990,31.74087018
Guinea,GIN,1991,31.73566074
Uruguay - urban,,1998,31.73530963
Myanmar,MMR,2015,31.70591147
Argentina - urban,,2010,31.70011079
Iran,IRN,2019,31.69152434
Armenia,ARM,2004,31.68836838
Indonesia - urban,,2016,31.67703617
Peru,PER,2018,31.62443077
Uruguay,URY,2011,31.62165137
Turkey,TUR,2019,31.6170241
Mauritius,MUS,2012,31.60764805
Turkey,TUR,2014,31.60513846
Venezuela,VEN,1992,31.59899572
Tunisia,TUN,2000,31.56528627
Togo,TGO,2015,31.56357197
Kenya,KEN,2015,31.56148317
China,CHN,2012,31.54291419
Turkmenistan,TKM,1998,31.52212229
Nicaragua,NIC,2005,31.50901576
China - rural,,2008,31.48128027
China - rural,,2012,31.45990271
Philippines,PHL,2015,31.45244311
Bulgaria,BGR,2016,31.43963824
China,CHN,2002,31.43083138
Bulgaria,BGR,2019,31.40421368
Uruguay - urban,,1992,31.38345389
Niger,NER,2007,31.37488585
Russia,RUS,2005,31.37008022
Nigeria,NGA,1992,31.36325854
Estonia,EST,1993,31.34571704
Uganda,UGA,1996,31.3411054
Samoa,WSM,2013,31.28358182
Russia,RUS,2006,31.2784481
Malaysia,MYS,2015,31.27335194
Iran,IRN,2017,31.27277503
Indonesia - urban,,2021,31.2727168
Iran,IRN,2009,31.27090922
Argentina - urban,,2009,31.24950316
Laos,LAO,2018,31.24705906
Haiti,HTI,2012,31.19743725
Uruguay - urban,,1997,31.17483376
Georgia,GEO,1998,31.15947669
United States,USA,2006,31.1539423
Peru,PER,2019,31.14804634
Trinidad and Tobago,TTO,1988,31.14383214
Niger,NER,2018,31.13769706
Thailand,THA,2008,31.13423828
Benin,BEN,2003,31.11584258
Russia,RUS,2011,31.10608832
India - urban,,2016,31.10221477
India - urban,,2015,31.10096811
Russia,RUS,2009,31.08224536
Israel,ISR,2010,31.06518113
Senegal,SEN,2011,31.04611823
Burundi,BDI,2013,31.02453208
Argentina - urban,,2019,31.01456863
Indonesia,IDN,2016,31.00816914
Papua New Guinea,PNG,2009,30.99993916
Malawi,MWI,2019,30.97639984
Argentina - urban,,2011,30.95709935
Tanzania,TZA,2011,30.95164202
Vietnam,VNM,2010,30.87298388
Portugal,PRT,2004,30.87220462
Cyprus,CYP,2013,30.87124615
China,CHN,2005,30.8615603
Iran,IRN,2016,30.85290813
China - rural,,2002,30.8499156
Bolivia,BOL,2019,30.84800091
Morocco,MAR,1998,30.84567019
Thailand,THA,2007,30.83602255
Turkey,TUR,2004,30.83167332
Tuvalu,TUV,2010,30.77859032
United States,USA,2005,30.77717729
Armenia,ARM,2005,30.77605822
Djibouti,DJI,2002,30.77415015
United States,USA,2019,30.77204637
China - rural,,2011,30.76360449
Paraguay,PRY,1990,30.7522307
United States,USA,2018,30.74962695
Bhutan,BTN,2012,30.73817953
North Macedonia,MKD,2009,30.73584483
Indonesia - urban,,2017,30.7173979
Thailand,THA,2010,30.71686385
Chad,TCD,2003,30.71005215
Tunisia,TUN,1990,30.69411137
Morocco,MAR,1990,30.67414775
El Salvador,SLV,2016,30.65293401
United States,USA,2014,30.65241345
India,IND,2019,30.62390803
United States,USA,2001,30.62178407
Russia,RUS,2010,30.61286462
Thailand,THA,2009,30.60277794
Bolivia,BOL,2018,30.58844643
Turkey,TUR,2013,30.57926683
Portugal,PRT,2005,30.57785616
Iran,IRN,2015,30.56015368
Uruguay - urban,,1995,30.52373822
Senegal,SEN,2018,30.51485472
Turkey,TUR,2012,30.50446949
Turkey,TUR,2011,30.49967659
India,IND,2017,30.49848688
United States,USA,2015,30.49541757
Indonesia - urban,,2018,30.49437247
Russia,RUS,2004,30.49040179
Israel,ISR,2009,30.47862116
Dominican Republic,DOM,2020,30.45242149
Israel,ISR,2005,30.43386047
Thailand,THA,2012,30.42985632
United States,USA,2016,30.4203687
Argentina - urban,,2016,30.41932492
Ukraine,UKR,1995,30.39890082
United States,USA,2007,30.39644565
United States,USA,1997,30.36322709
United States,USA,2009,30.36142039
Uruguay - urban,,1996,30.35951731
Georgia,GEO,2000,30.32733987
Russia,RUS,2003,30.31960819
United States,USA,2008,30.30481088
Argentina - urban,,2020,30.30282523
China,CHN,2013,30.28172051
Indonesia - urban,,1996,30.27965944
United States,USA,2017,30.25882597
United States,USA,2000,30.25037476
Portugal,PRT,2003,30.24864605
Mali,MLI,2006,30.23729348
United States,USA,2012,30.23564262
India - urban,,2004,30.21321409
United States,USA,2003,30.21201894
United States,USA,2011,30.17942307
Indonesia,IDN,2017,30.17767762
Argentina - urban,,1980,30.17537072
Russia,RUS,2019,30.16583262
Indonesia - urban,,2020,30.15902148
United Kingdom,GBR,2001,30.15570898
Madagascar,MDG,1997,30.14583255
India,IND,2011,30.14265136
Ghana,GHA,1991,30.1338245
Moldova,MDA,1998,30.12371907
Indonesia,IDN,2021,30.11689354
United States,USA,2004,30.09114296
United States,USA,2002,30.084108
Cote d'Ivoire,CIV,1998,30.08094026
Guinea,GIN,2007,30.06912948
Indonesia - urban,,2019,30.06701604
Mali,MLI,2001,30.05706511
Uruguay,URY,2013,30.05139237
Senegal,SEN,2005,30.04721686
Georgia,GEO,2001,30.04167915
United States,USA,1996,30.02835735
Latvia,LVA,2005,30.02617626
United States,USA,2013,30.01309234
Israel,ISR,2008,29.9678258
India,IND,2009,29.9623163
Syria,SYR,2003,29.94679251
Maldives,MDV,2009,29.94292368
Georgia,GEO,1997,29.92168901
Argentina - urban,,2014,29.92117818
Indonesia,IDN,2018,29.9111815
Georgia,GEO,1999,29.90898676
Thailand,THA,2011,29.90149432
Trinidad and Tobago,TTO,1992,29.88623438
Russia,RUS,2018,29.88296475
Uruguay,URY,2020,29.88086103
Benin,BEN,2018,29.87756721
Indonesia - urban,,2009,29.87515137
United States,USA,1999,29.87104985
Mauritius,MUS,2017,29.86820272
China,CHN,2017,29.86473498
Vietnam,VNM,2002,29.84658562
Nigeria,NGA,2003,29.83761483
Jordan,JOR,1997,29.83703451
Argentina - urban,,2018,29.83020878
Uruguay,URY,2015,29.81963648
Philippines,PHL,2018,29.81129283
Uruguay,URY,2014,29.80609788
Iran,IRN,2014,29.79843938
El Salvador,SLV,2019,29.79839701
Moldova,MDA,2001,29.7705532
Georgia,GEO,2011,29.76909945
Estonia,EST,1998,29.76387527
United States,USA,1998,29.74125615
Tonga,TON,2015,29.73517853
Israel,ISR,2012,29.73393991
India,IND,2015,29.72928656
Micronesia (country),FSM,2013,29.7216237
Kazakhstan,KAZ,2005,29.72078078
India,IND,2016,29.71173536
Argentina - urban,,2017,29.70441964
Chad,TCD,2018,29.70175184
Fiji,FJI,2013,29.70127963
China,CHN,2014,29.69338778
Russia,RUS,2015,29.69136838
Uruguay,URY,2019,29.68692096
United States,USA,1995,29.68425468
Argentina - urban,,2012,29.68324251
United States,USA,1993,29.68183624
Uruguay,URY,2018,29.6790408
Israel,ISR,2006,29.67863957
Indonesia,IDN,1996,29.65622351
Portugal,PRT,2006,29.65607951
Indonesia - urban,,2010,29.6560232
Uruguay,URY,2017,29.63869747
Uruguay,URY,2016,29.63113754
Armenia,ARM,1999,29.62717127
Fiji,FJI,2002,29.62382259
Sri Lanka,LKA,2009,29.61858001
Burkina Faso,BFA,2014,29.60129839
United States,USA,1994,29.59746893
Ghana,GHA,1998,29.58911856
Turkey,TUR,2006,29.56495878
Indonesia,IDN,2007,29.55794464
Lithuania,LTU,2016,29.54615349
Mauritania,MRT,2000,29.54016114
Georgia,GEO,2010,29.53558843
Cote d'Ivoire,CIV,1986,29.53429956
Indonesia,IDN,2020,29.52945069
Cote d'Ivoire,CIV,1992,29.51725565
Jordan,JOR,2002,29.51336697
Azerbaijan,AZE,2001,29.50724853
Indonesia - urban,,1999,29.49664548
China,CHN,2019,29.49635118
Indonesia,IDN,2010,29.48734027
Indonesia,IDN,2019,29.47447063
Israel,ISR,2007,29.47116496
Israel,ISR,2011,29.46034745
Israel,ISR,2003,29.44387417
Niger,NER,1992,29.44176199
Turkey,TUR,2008,29.44124857
Yemen,YEM,2014,29.43562494
China,CHN,2018,29.4341079
Indonesia - urban,,2007,29.42090611
China,CHN,2015,29.41269842
Kyrgyzstan,KGZ,2006,29.41232228
Indonesia,IDN,2009,29.40755793
Sierra Leone,SLE,2018,29.39868199
Russia,RUS,1997,29.39174104
El Salvador,SLV,2018,29.38977835
China,CHN,1999,29.38699711
Argentina - urban,,2013,29.37188849
Bhutan,BTN,2007,29.36851312
North Macedonia,MKD,2003,29.35981506
China,CHN,2016,29.35065033
Israel,ISR,2004,29.33191628
Georgia,GEO,2012,29.30123179
Turkey,TUR,2010,29.29889544
United States,USA,2010,29.26024911
Kiribati,KIR,2006,29.25184309
Laos,LAO,2007,29.25129408
Solomon Islands,SLB,2012,29.24633431
India - urban,,1977,29.23865866
Uruguay,URY,2012,29.23665666
Thailand,THA,2013,29.22679378
Russia,RUS,2017,29.21790265
Turkey,TUR,2009,29.20931147
Armenia,ARM,2018,29.19937859
Indonesia - urban,,2008,29.19669974
India - urban,,1987,29.15840218
India,IND,2004,29.15050085
Indonesia,IDN,2008,29.14343278
El Salvador,SLV,2017,29.14263683
India - rural,,1977,29.13686627
Georgia,GEO,2008,29.13211777
Vanuatu,VUT,2010,29.12757697
Laos,LAO,1997,29.11142644
Georgia,GEO,2013,29.10572533
Armenia,ARM,2001,29.0967396
Tunisia,TUN,2005,29.07524712
Vietnam,VNM,1997,29.0526807
North Macedonia,MKD,2002,29.03625023
Ireland,IRL,1994,29.03280851
Russia,RUS,2020,29.02429484
Armenia,ARM,2002,28.99934488
Nepal,NPL,1995,28.99663391
Cote d'Ivoire,CIV,2018,28.99618537
North Macedonia,MKD,2004,28.98473024
Iran,IRN,2013,28.97487353
Sri Lanka,LKA,1995,28.97121183
Laos,LAO,2012,28.96991646
Lithuania,LTU,2008,28.94966014
Tanzania,TZA,2000,28.94181668
Portugal,PRT,2008,28.93569328
Tonga,TON,2009,28.92843776
Israel,ISR,2013,28.9272709
Madagascar,MDG,1999,28.91894684
Thailand,THA,2016,28.9169387
Georgia,GEO,2007,28.91273607
Lithuania,LTU,2014,28.91069901
Georgia,GEO,2017,28.89744844
North Macedonia,MKD,2005,28.88727866
France,FRA,1984,28.88688406
China - rural,,1999,28.86995722
Georgia,GEO,2009,28.8545216
Portugal,PRT,2007,28.85293972
Indonesia,IDN,2006,28.83781372
Cyprus,CYP,2014,28.82984192
Bulgaria,BGR,2014,28.80331581
Indonesia - urban,,2006,28.79576944
Vietnam,VNM,2004,28.77159804
Serbia,SRB,2005,28.76184312
Mauritius,MUS,2006,28.7496682
Israel,ISR,2001,28.74221197
Bulgaria,BGR,2015,28.73620053
Gambia,GMB,2015,28.7322085
China - rural,,2005,28.71254913
United Kingdom,GBR,1999,28.70197595
Israel,ISR,2002,28.69955508
Mauritania,MRT,1995,28.68938971
Thailand,THA,2014,28.67958496
Portugal,PRT,2011,28.67927461
Serbia,SRB,2012,28.66496417
Vietnam,VNM,1992,28.63911965
Yemen,YEM,2005,28.63652239
Ireland,IRL,1995,28.63001102
Serbia,SRB,2014,28.62126773
Russia,RUS,1998,28.62034618
Lithuania,LTU,2015,28.61951501
Russia,RUS,2016,28.61499079
Indonesia - urban,,1993,28.60641761
Syria,SYR,1996,28.60386618
Georgia,GEO,2014,28.56371526
Uzbekistan,UZB,2000,28.56139412
Switzerland,CHE,1982,28.56106416
Israel,ISR,2015,28.55428781
United Kingdom,GBR,1998,28.51897022
Pakistan,PAK,1998,28.47547841
Latvia,LVA,2003,28.46768578
China - urban,,2019,28.46696608
Ethiopia,ETH,2015,28.46475176
Moldova,MDA,2000,28.45006815
Thailand,THA,2017,28.42626992
Lithuania,LTU,2017,28.42622536
China - urban,,2010,28.40582966
Thailand,THA,2015,28.39726562
China - urban,,2013,28.388321
India,IND,2018,28.3787727
Armenia,ARM,2017,28.36886474
Moldova,MDA,2005,28.36711639
Egypt,EGY,1999,28.34170431
China - urban,,2017,28.33927359
China - urban,,2011,28.33427957
Uzbekistan,UZB,2003,28.33367271
Cote d'Ivoire,CIV,1988,28.33284166
Belgium,BEL,2000,28.31398604
Tonga,TON,2000,28.29110695
Liberia,LBR,2007,28.29088812
Portugal,PRT,2010,28.28320658
United Kingdom,GBR,2002,28.24761835
Israel,ISR,2014,28.2353327
Turkey,TUR,2007,28.23252981
Timor,TLS,2001,28.20888333
Nigeria,NGA,1985,28.20693252
Armenia,ARM,2003,28.19694775
Mali,MLI,2018,28.1909428
Georgia,GEO,2002,28.18488346
Israel,ISR,1997,28.16099824
Thailand,THA,2018,28.14873252
Georgia,GEO,2016,28.14816439
Russia,RUS,2002,28.14549708
Ghana,GHA,1988,28.1423619
China - urban,,2018,28.1269869
Jordan,JOR,1986,28.11237515
Moldova,MDA,1997,28.10591095
Bangladesh,BGD,1995,28.08297238
Laos,LAO,1992,28.08185343
Guinea-Bissau,GNB,2002,28.05803772
Indonesia - urban,,2005,28.05093491
Indonesia - urban,,2002,28.04664008
Cyprus,CYP,2012,28.04389909
Vietnam,VNM,2008,28.0323993
China - urban,,2012,28.01667246
Indonesia - urban,,1990,27.99960309
Bangladesh,BGD,2005,27.99544777
Lithuania,LTU,1993,27.98935642
Indonesia,IDN,2005,27.98862734
Burundi,BDI,2006,27.96994191
United Kingdom,GBR,2007,27.96857189
United Kingdom,GBR,2003,27.95418869
Lithuania,LTU,2003,27.93741157
Bhutan,BTN,2017,27.93155408
Georgia,GEO,1996,27.92853468
China - urban,,2008,27.92072808
China - urban,,2014,27.90192792
Estonia,EST,2001,27.89887381
Serbia,SRB,2004,27.89110037
Croatia,HRV,2008,27.87738465
Bangladesh,BGD,2000,27.86374163
China - urban,,2015,27.85798163
Russia,RUS,2001,27.85702393
Indonesia,IDN,1993,27.84967977
China - rural,,1993,27.84329396
United Kingdom,GBR,1994,27.84024465
China - urban,,2016,27.80210641
Georgia,GEO,2015,27.79185281
Egypt,EGY,2015,27.78239469
Palestine,PSE,2010,27.77980812
Sudan,SDN,2014,27.77737206
United Kingdom,GBR,2004,27.7707983
Portugal,PRT,2012,27.77004076
Mongolia,MNG,2007,27.75560642
Montenegro,MNE,2016,27.748745
Israel,ISR,2016,27.74808283
Russia,RUS,1999,27.73528438
Gabon,GAB,2017,27.72601422
Georgia,GEO,2005,27.72485502
Vietnam,VNM,2006,27.72311452
Latvia,LVA,2007,27.72072283
United States,USA,1992,27.7139543
Montenegro,MNE,2015,27.70231397
India - urban,,1993,27.699394
Moldova,MDA,2003,27.69535442
Moldova,MDA,2004,27.6925396
Vietnam,VNM,2012,27.69024476
Indonesia,IDN,2004,27.66682189
Indonesia,IDN,2002,27.66394989
Estonia,EST,2000,27.63384342
India - rural,,2017,27.62875815
Israel,ISR,2018,27.62486232
Russia,RUS,2000,27.62380426
Pakistan,PAK,1987,27.6219676
Lithuania,LTU,2009,27.6122867
Palestine,PSE,2007,27.61181953
Italy,ITA,1998,27.6108788
Guinea-Bissau,GNB,2018,27.60014048
Bulgaria,BGR,2013,27.57912435
Georgia,GEO,2019,27.57642399
Ireland,IRL,1996,27.57249363
China - rural,,1996,27.57246444
Ukraine,UKR,1996,27.57194484
United Kingdom,GBR,1997,27.56929046
Portugal,PRT,2016,27.55966856
India,IND,1987,27.53479058
Moldova,MDA,2002,27.53034127
Marshall Islands,MHL,2019,27.52425505
Ethiopia - rural,,1981,27.51651089
India,IND,1977,27.50758994
Portugal,PRT,2013,27.50753291
United States,USA,1991,27.49539776
Jordan,JOR,2006,27.4941885
Latvia,LVA,2002,27.49404613
Sri Lanka,LKA,1990,27.48982476
Georgia,GEO,2006,27.47204423
Portugal,PRT,2009,27.46365467
Indonesia - urban,,2004,27.4634552
Lithuania,LTU,2019,27.46221323
Vietnam,VNM,2018,27.461965
Spain,ESP,1995,27.46075074
Indonesia - rural,,2011,27.45854552
Cyprus,CYP,2015,27.45687637
Georgia,GEO,2018,27.45451386
Jordan,JOR,2010,27.45170007
Latvia,LVA,2008,27.43991243
Egypt,EGY,2004,27.43802
Australia,AUS,2008,27.41556767
Jamaica,JAM,1993,27.4139651
Portugal,PRT,2014,27.40752454
Indonesia - rural,,2015,27.40145869
Ethiopia,ETH,2010,27.39899845
Lithuania,LTU,2004,27.39114573
Bulgaria,BGR,2012,27.38168966
Moldova,MDA,2006,27.37947049
Estonia,EST,2004,27.37634582
Palestine,PSE,2009,27.37317617
Uzbekistan,UZB,2002,27.37018806
China - rural,,2017,27.3673315
Ghana,GHA,1987,27.34347523
China - urban,,2005,27.33671231
Latvia,LVA,2011,27.33593412
Portugal,PRT,2015,27.33475739
Nauru,NRU,2012,27.33156248
Indonesia,IDN,1999,27.32439489
Greece,GRC,1995,27.3214818
Serbia,SRB,2016,27.31980687
Estonia,EST,2002,27.31359197
United Kingdom,GBR,1995,27.30360754
China,CHN,1996,27.29834544
Indonesia - urban,,1998,27.27572721
India - urban,,2018,27.23738339
Ireland,IRL,1987,27.22671678
Indonesia,IDN,2003,27.22137043
Thailand,THA,2019,27.21669531
United Kingdom,GBR,1996,27.20929874
Palestine,PSE,2011,27.19269613
Cyprus,CYP,2018,27.18368039
Kyrgyzstan,KGZ,2004,27.17571477
Lithuania,LTU,2005,27.15994656
India - rural,,2018,27.15898734
France,FRA,1978,27.154868
Lithuania,LTU,2018,27.15116264
Norway,NOR,2004,27.15091211
Palestine,PSE,2006,27.14488689
Kazakhstan,KAZ,2001,27.1408447
France,FRA,2010,27.13489205
Pakistan,PAK,2005,27.13310097
India - urban,,1983,27.12272871
Tanzania,TZA,1991,27.12108119
Vietnam,VNM,2016,27.11811106
Moldova,MDA,2008,27.11545091
United Kingdom,GBR,1991,27.1076194
Lithuania,LTU,2013,27.10732492
North Macedonia,MKD,2010,27.10291153
Liberia,LBR,2016,27.09680289
Georgia,GEO,2003,27.07794757
Iceland,ISL,2008,27.07789641
India - rural,,2016,27.07190249
Indonesia - urban,,2003,27.07029623
Pakistan,PAK,1990,27.05521268
Laos,LAO,2002,27.04814909
Tunisia,TUN,2010,27.02743266
Niger,NER,2014,27.0224977
Thailand,THA,2020,27.01213169
Poland,POL,2004,27.00815514
China - rural,,2013,27.00304157
Canada,CAN,1971,26.99490866
Egypt,EGY,2008,26.99343465
Poland,POL,2003,26.99063498
India - rural,,2015,26.98770772
Indonesia,IDN,1990,26.986605
Australia,AUS,2014,26.98347051
Latvia,LVA,2004,26.97202371
Indonesia,IDN,1984,26.97024729
Pakistan,PAK,2015,26.96885815
Poland,POL,2005,26.96883437
Ireland,IRL,2005,26.95296001
Israel,ISR,2017,26.95080176
France,FRA,2011,26.93661001
Bangladesh,BGD,2010,26.9253562
Egypt,EGY,2017,26.91669952
Sierra Leone,SLE,2011,26.91370848
Bulgaria,BGR,2010,26.90783052
Israel,ISR,1979,26.90721139
Latvia,LVA,2017,26.90340488
Latvia,LVA,2018,26.89787679
Algeria,DZA,1995,26.88858566
Nigeria,NGA,2015,26.88318864
North Macedonia,MKD,2011,26.88152601
France,FRA,2012,26.87858779
Israel,ISR,1992,26.870716
Indonesia - rural,,2012,26.86583795
Estonia,EST,2006,26.85871119
Israel,ISR,1986,26.85037719
United Kingdom,GBR,2016,26.84322433
Vietnam,VNM,2014,26.84189772
Estonia,EST,2003,26.83854198
Bangladesh,BGD,2016,26.83507218
Yemen,YEM,1998,26.82937822
Lithuania,LTU,2012,26.82886099
Cyprus,CYP,2016,26.81229638
Latvia,LVA,2013,26.80876591
Latvia,LVA,2006,26.79796304
Kazakhstan,KAZ,2002,26.79487987
Moldova,MDA,2007,26.78461874
Lithuania,LTU,2006,26.78308237
Indonesia,IDN,1998,26.77932489
China - rural,,2018,26.77589554
United Kingdom,GBR,2010,26.77568409
Azerbaijan,AZE,1995,26.77216719
Lithuania,LTU,2007,26.77042834
Nigeria,NGA,2010,26.76636602
Nigeria,NGA,2018,26.74319368
Croatia,HRV,2009,26.73993095
United Kingdom,GBR,2006,26.73674687
Armenia,ARM,2015,26.73505642
Egypt,EGY,1990,26.73210285
Poland,POL,2002,26.72832164
China - rural,,2014,26.72751277
Spain,ESP,1985,26.7258907
Greece,GRC,2006,26.72561599
United States,USA,1986,26.72286564
Poland,POL,2008,26.72090295
Palestine,PSE,2005,26.71944571
Switzerland,CHE,2007,26.71588819
Georgia,GEO,2004,26.71370161
Latvia,LVA,2009,26.70500455
Cyprus,CYP,2011,26.69864649
France,FRA,2018,26.69635823
Indonesia - urban,,1984,26.68979961
Sudan,SDN,2009,26.68682404
France,FRA,2008,26.68675834
Italy,ITA,2003,26.68603466
India,IND,1993,26.66824101
United Kingdom,GBR,2017,26.66813056
Portugal,PRT,2017,26.66378816
Italy,ITA,2017,26.66186862
Nigeria,NGA,2012,26.65485492
India - rural,,2011,26.65292357
Latvia,LVA,2014,26.65258686
Latvia,LVA,1997,26.6509559
France,FRA,2015,26.63638822
Ireland,IRL,2004,26.63542209
Latvia,LVA,2019,26.63300627
India - rural,,2019,26.63060287
Luxembourg,LUX,2018,26.6272747
China,CHN,1993,26.62299082
Mongolia,MNG,2011,26.62297476
Greece,GRC,2012,26.62021349
Australia,AUS,2018,26.61339078
Estonia,EST,2013,26.60895006
Portugal,PRT,2018,26.6052858
Burundi,BDI,1992,26.58476054
Poland,POL,2009,26.58454063
Jordan,JOR,2008,26.57452827
Tajikistan,TJK,2004,26.56847447
Latvia,LVA,2012,26.56536234
Poland,POL,1995,26.56114968
Bulgaria,BGR,2006,26.55836731
United Kingdom,GBR,2009,26.5454052
North Macedonia,MKD,2012,26.51937323
Indonesia - urban,,1987,26.48694373
Kyrgyzstan,KGZ,2007,26.48625188
Poland,POL,1996,26.48111002
Palestine,PSE,2004,26.4753637
Australia,AUS,2010,26.45799459
Poland,POL,2007,26.45455304
China - rural,,2019,26.44174433
Greece,GRC,2013,26.43744364
China - rural,,2015,26.43529266
Indonesia - urban,,2001,26.43436592
Niger,NER,2011,26.43304754
Italy,ITA,2012,26.42302448
Sri Lanka,LKA,1985,26.41642231
India,IND,1983,26.41488696
Nepal,NPL,2010,26.4104754
Guinea,GIN,2012,26.40958059
India - rural,,2004,26.40931441
Japan,JPN,2013,26.40876773
Italy,ITA,2011,26.39714865
Tajikistan,TJK,2015,26.39294316
France,FRA,2013,26.39112199
China - rural,,2016,26.38983773
China - urban,,2002,26.38934693
United Kingdom,GBR,2008,26.37738357
Luxembourg,LUX,2012,26.37088516
Bulgaria,BGR,1995,26.35993604
Poland,POL,2006,26.35848479
Bosnia and Herzegovina,BIH,2004,26.35670663
Switzerland,CHE,1992,26.35564624
Italy,ITA,2000,26.35052543
Greece,GRC,2005,26.32610557
Norway,NOR,2005,26.32192367
Pakistan,PAK,2004,26.31965251
Italy,ITA,2004,26.31655943
Switzerland,CHE,2008,26.30848449
Kazakhstan,KAZ,1996,26.29015848
Spain,ESP,1980,26.2792181
Estonia,EST,2014,26.27465046
Indonesia - urban,,2000,26.26912755
Spain,ESP,2000,26.26615476
France,FRA,2007,26.2464575
Serbia,SRB,2002,26.24180341
Hungary,HUN,1994,26.2371182
Greece,GRC,2015,26.23421333
Spain,ESP,2015,26.23365915
Latvia,LVA,2010,26.22928767
Latvia,LVA,1998,26.21632427
Georgia,GEO,2020,26.21028726
Cyprus,CYP,2008,26.20807019
Poland,POL,2010,26.19079272
Mongolia,MNG,2012,26.1863202
Cyprus,CYP,2009,26.18504796
Mauritania,MRT,2008,26.18242545
Indonesia - rural,,2016,26.17737506
Italy,ITA,1993,26.17396104
Estonia,EST,2005,26.16935377
Italy,ITA,2010,26.16274312
Latvia,LVA,2015,26.16270277
Italy,ITA,1995,26.15648122
United Kingdom,GBR,2014,26.15239733
Kyrgyzstan,KGZ,2005,26.15207959
Japan,JPN,2008,26.14717847
Indonesia - rural,,2013,26.14465883
Greece,GRC,2014,26.13593349
Ireland,IRL,2000,26.13354048
Indonesia,IDN,1987,26.13278545
United Kingdom,GBR,2005,26.11041195
France,FRA,2009,26.10715661
Poland,POL,2000,26.08728398
France,FRA,2014,26.07838892
Ireland,IRL,2013,26.07541363
Egypt,EGY,2010,26.07511159
United Kingdom,GBR,1969,26.06856829
China - rural,,1990,26.04964635
Greece,GRC,2008,26.04849647
Egypt,EGY,1995,26.0440591
Spain,ESP,2010,26.04264447
Montenegro,MNE,2017,26.03782281
Switzerland,CHE,2006,26.03634051
Liberia,LBR,2014,26.03238579
Bulgaria,BGR,2011,26.03113801
Cyprus,CYP,2006,26.02703326
Greece,GRC,2009,26.02626578
Greece,GRC,2007,26.02307611
United States,USA,1974,26.02059284
Canada,CAN,2007,26.01467095
Serbia,SRB,2003,26.00385796
Spain,ESP,2014,26.0027435
Portugal,PRT,2019,25.98185433
Italy,ITA,2016,25.96119718
Montenegro,MNE,2018,25.95501756
Spain,ESP,2013,25.93064479
France,FRA,2016,25.93054872
Italy,ITA,2013,25.92801125
Ireland,IRL,2012,25.92612075
Italy,ITA,2018,25.923912
Spain,ESP,2011,25.91922239
Ireland,IRL,2016,25.91593876
Indonesia - rural,,2014,25.91027655
Switzerland,CHE,2000,25.90916755
Ireland,IRL,2003,25.9054063
Spain,ESP,2009,25.90166
Poland,POL,1998,25.88035295
Greece,GRC,2016,25.87595411
Greece,GRC,2017,25.87550868
North Macedonia,MKD,2000,25.86920675
Poland,POL,2011,25.85016463
Taiwan,TWN,2010,25.84981052
Spain,ESP,2016,25.84769848
Switzerland,CHE,2016,25.83099714
Luxembourg,LUX,2019,25.83069028
Kyrgyzstan,KGZ,2019,25.82850796
Poland,POL,1999,25.82395333
Pakistan,PAK,2011,25.82246794
India - rural,,2009,25.81326102
Australia,AUS,2016,25.80829233
France,FRA,2017,25.80017061
China,CHN,1990,25.79524155
Switzerland,CHE,2018,25.78742243
Kazakhstan,KAZ,2003,25.78704995
Spain,ESP,2012,25.78650715
Latvia,LVA,2016,25.7861959
Taiwan,TWN,2013,25.76938563
Italy,ITA,2015,25.76257214
Luxembourg,LUX,2008,25.75499805
Poland,POL,2001,25.75402845
Armenia,ARM,2014,25.74396952
Canada,CAN,2010,25.73192666
Mongolia,MNG,2010,25.7298861
Montenegro,MNE,2014,25.72214891
Kosovo,OWID_KOS,2010,25.7133469
Pakistan,PAK,2007,25.70992152
Cyprus,CYP,2010,25.69694932
Bulgaria,BGR,2009,25.68849182
Japan,JPN,2010,25.68109892
Mali,MLI,2009,25.67846634
Italy,ITA,2008,25.67603015
Bulgaria,BGR,2008,25.67335254
Mongolia,MNG,2018,25.67066813
Greece,GRC,2000,25.66771623
Switzerland,CHE,2009,25.6664047
Latvia,LVA,1996,25.655719
Greece,GRC,2010,25.64393802
Ethiopia,ETH,2004,25.63695296
Italy,ITA,2006,25.62732356
Ireland,IRL,2006,25.62715859
Poland,POL,2012,25.6268615
Greece,GRC,2011,25.62671628
Indonesia,IDN,2001,25.62524872
Poland,POL,2013,25.6205618
Mongolia,MNG,2016,25.61896932
Tajikistan,TJK,2003,25.61882652
France,FRA,1994,25.6032077
Luxembourg,LUX,2017,25.59276863
Spain,ESP,2008,25.59064133
Lithuania,LTU,1996,25.57901855
Taiwan,TWN,2005,25.57348022
Tunisia,TUN,2015,25.57188378
Canada,CAN,2004,25.57085496
Ireland,IRL,2009,25.56203612
Spain,ESP,2007,25.56156081
Serbia,SRB,2017,25.55852092
Switzerland,CHE,2017,25.54796474
Albania,ALB,2014,25.5443224
Switzerland,CHE,2014,25.53685682
Pakistan,PAK,2018,25.53643712
Italy,ITA,2014,25.53320335
Canada,CAN,2000,25.52432952
Switzerland,CHE,2013,25.52033741
Myanmar,MMR,2017,25.51765371
Ireland,IRL,2011,25.50775124
Ireland,IRL,2007,25.50187082
Greece,GRC,2004,25.49393667
India - rural,,1987,25.49162069
Cyprus,CYP,2019,25.48900503
Italy,ITA,2005,25.48502584
Cyprus,CYP,2017,25.48354412
Ethiopia,ETH,1999,25.48259774
Mongolia,MNG,2014,25.47082036
Canada,CAN,2015,25.47064128
Cyprus,CYP,2007,25.46617938
Italy,ITA,1987,25.45109766
Albania,ALB,2002,25.43563695
Switzerland,CHE,2010,25.43464719
Italy,ITA,2009,25.43435076
Moldova,MDA,2010,25.43293808
United Kingdom,GBR,2015,25.40735427
Spain,ESP,2017,25.40719671
Ireland,IRL,2015,25.39732334
North Macedonia,MKD,2013,25.39072369
Iceland,ISL,2006,25.38509277
Ireland,IRL,2017,25.3792538
United Kingdom,GBR,2011,25.34038392
Spain,ESP,2018,25.33922796
Hungary,HUN,2007,25.33546837
Canada,CAN,2017,25.31758311
Australia,AUS,2004,25.31601672
Canada,CAN,1998,25.30985531
Kyrgyzstan,KGZ,2008,25.29852877
Germany,DEU,2005,25.29461491
Taiwan,TWN,2007,25.28871629
Armenia,ARM,2016,25.28166085
United Kingdom,GBR,2013,25.27369897
United States,USA,1979,25.26881604
Pakistan,PAK,2013,25.25292726
Lithuania,LTU,1999,25.24718383
Switzerland,CHE,2015,25.24407805
Germany,DEU,2007,25.21039134
Palestine,PSE,2016,25.19369994
Pakistan,PAK,1996,25.18821608
Estonia,EST,2012,25.18819586
Poland,POL,2014,25.18136888
Lithuania,LTU,1998,25.17655286
Maldives,MDV,2016,25.17363516
France,FRA,2003,25.16881964
Canada,CAN,2012,25.16616422
Canada,CAN,2014,25.15266713
Indonesia - rural,,2010,25.15140431
Germany,DEU,2018,25.14413504
Bosnia and Herzegovina,BIH,2011,25.14310239
Taiwan,TWN,2016,25.12497515
Tajikistan,TJK,2007,25.12289601
Armenia,ARM,2007,25.12137998
Canada,CAN,2013,25.11784246
Poland,POL,2018,25.11718186
Belgium,BEL,2004,25.11692331
Pakistan,PAK,2010,25.11553749
Bosnia and Herzegovina,BIH,2007,25.11303162
Italy,ITA,1989,25.11049323
Kazakhstan,KAZ,2004,25.10101089
Ireland,IRL,2018,25.09472413
Latvia,LVA,1995,25.09462065
Armenia,ARM,2019,25.09367784
Australia,AUS,2003,25.0828897
Luxembourg,LUX,2015,25.07038901
Australia,AUS,2001,25.06563007
Poland,POL,2015,25.05927228
Croatia,HRV,2000,25.05818245
Luxembourg,LUX,2007,25.05656511
Albania,ALB,2016,25.04955458
Indonesia - rural,,2018,25.04557157
Armenia,ARM,2010,25.03390048
Moldova,MDA,2009,25.03063144
Indonesia,IDN,2000,25.02871281
Switzerland,CHE,2012,25.00831791
Nepal,NPL,1984,24.98343297
Kosovo,OWID_KOS,2009,24.97535025
Ireland,IRL,2002,24.96946145
Canada,CAN,2016,24.9651568
Mongolia,MNG,1995,24.96175705
Kazakhstan,KAZ,1993,24.93788799
Estonia,EST,2008,24.93063734
Mauritania,MRT,2014,24.92960424
Bulgaria,BGR,2001,24.92648147
India - rural,,1983,24.92403565
Italy,ITA,2007,24.92321185
Ireland,IRL,2014,24.92162009
Montenegro,MNE,2013,24.91736384
Spain,ESP,2006,24.9166528
Kazakhstan,KAZ,2006,24.91445624
Belarus,BLR,1998,24.91442457
Germany,DEU,2013,24.91309692
Greece,GRC,2019,24.90669069
Ireland,IRL,2010,24.90281794
Indonesia - rural,,2007,24.89417986
China - urban,,1999,24.88351176
Montenegro,MNE,2009,24.88135056
Spain,ESP,2019,24.880827
Greece,GRC,2018,24.87431413
Pakistan,PAK,2001,24.87408784
Romania,ROU,2017,24.87317518
Lithuania,LTU,2001,24.87122683
Lithuania,LTU,2002,24.86745344
Cyprus,CYP,2005,24.86584006
North Macedonia,MKD,2014,24.85529372
Germany,DEU,2006,24.85428616
Spain,ESP,2004,24.85212902
Spain,ESP,1990,24.84783064
Kyrgyzstan,KGZ,2000,24.84445095
Taiwan,TWN,2000,24.83317049
Germany,DEU,2015,24.82756834
Malta,MLT,2019,24.82670617
Indonesia - rural,,2008,24.82470277
Bosnia and Herzegovina,BIH,2001,24.82351299
North Macedonia,MKD,2015,24.81118001
Lithuania,LTU,2010,24.7903672
Lebanon,LBN,2011,24.78925689
Iceland,ISL,2007,24.78372561
Albania,ALB,2015,24.77930791
Indonesia - rural,,2017,24.77442816
Kyrgyzstan,KGZ,2015,24.77225734
Romania,ROU,2015,24.76709762
Estonia,EST,2011,24.75652996
Egypt,EGY,2012,24.74718009
Indonesia - rural,,2009,24.7444993
Bulgaria,BGR,1992,24.74236238
France,FRA,1989,24.72925281
Vanuatu,VUT,2019,24.72878475
Indonesia - rural,,2020,24.72134716
Netherlands,NLD,2006,24.69862433
Italy,ITA,1986,24.69569879
Lithuania,LTU,2000,24.69502932
Germany,DEU,2016,24.69237387
Armenia,ARM,2013,24.6854642
Austria,AUT,2009,24.68330816
Montenegro,MNE,2011,24.67946652
Australia,AUS,1989,24.66685465
Indonesia - rural,,2019,24.66524192
Romania,ROU,1995,24.6546501
Switzerland,CHE,2011,24.65219863
Germany,DEU,2008,24.65018091
Hungary,HUN,2003,24.64956853
Germany,DEU,2011,24.63883005
Canada,CAN,1975,24.63702359
Mongolia,MNG,2002,24.6341885
Kazakhstan,KAZ,2007,24.62365094
Kyrgyzstan,KGZ,2010,24.61753009
Poland,POL,2016,24.61503705
Albania,ALB,2017,24.61243013
Indonesia - rural,,2021,24.61199217
Taiwan,TWN,1995,24.60475774
United Kingdom,GBR,2012,24.60305192
Australia,AUS,1995,24.601701
Slovakia,SVK,2005,24.59106565
Austria,AUT,1994,24.5904133
Croatia,HRV,2001,24.58605066
Rwanda - rural,,1984,24.5846182
Greece,GRC,2003,24.58334142
Bangladesh,BGD,1988,24.58222991
Kyrgyzstan,KGZ,2009,24.57994644
Ireland,IRL,2008,24.57599404
Kosovo,OWID_KOS,2017,24.55945007
Germany,DEU,2017,24.55785525
Sao Tome and Principe,STP,2000,24.54988331
Lithuania,LTU,2011,24.54349423
Montenegro,MNE,2008,24.54236701
Taiwan,TWN,1997,24.54194894
Armenia,ARM,2012,24.54022156
Poland,POL,2019,24.5285876
Moldova,MDA,2011,24.50615751
France,FRA,2004,24.49924494
Romania,ROU,2014,24.4858069
Montenegro,MNE,2007,24.48249659
Montenegro,MNE,2012,24.48222029
Netherlands,NLD,1990,24.47900857
Slovenia,SVN,1993,24.47729335
Romania,ROU,2019,24.46972113
Albania,ALB,2008,24.4583109
Armenia,ARM,2006,24.45401246
South Korea,KOR,2008,24.45065815
United Kingdom,GBR,1986,24.44325455
Luxembourg,LUX,2011,24.43406924
Hungary,HUN,2013,24.43085775
Estonia,EST,2009,24.42515059
India - rural,,1993,24.42060611
Estonia,EST,2015,24.41851025
Germany,DEU,2012,24.40782508
Romania,ROU,1997,24.3847637
Taiwan,TWN,1986,24.3689487
Iceland,ISL,2005,24.35893927
France,FRA,2000,24.35883386
Azerbaijan,AZE,2004,24.35157531
Luxembourg,LUX,2005,24.34634416
Albania,ALB,2005,24.3411681
Luxembourg,LUX,2006,24.32713302
Poland,POL,2017,24.29907975
Indonesia - rural,,2006,24.29165788
Cyprus,CYP,2004,24.29068693
Australia,AUS,1985,24.28965666
Spain,ESP,2005,24.28939751
Taiwan,TWN,1981,24.28667786
Estonia,EST,2010,24.28198911
Luxembourg,LUX,2014,24.27870522
Austria,AUT,2013,24.27598451
Canada,CAN,1981,24.26742889
Slovakia,SVK,2004,24.25482916
Luxembourg,LUX,2013,24.2398727
Fiji,FJI,2019,24.23538659
Romania,ROU,1998,24.19835129
Hungary,HUN,2004,24.19818235
Hungary,HUN,1993,24.19461893
Azerbaijan,AZE,2005,24.18411233
Taiwan,TWN,1991,24.18019544
Sao Tome and Principe,STP,2010,24.1789804
South Korea,KOR,2010,24.17835337
Kosovo,OWID_KOS,2005,24.17548682
Luxembourg,LUX,2009,24.17210561
Tajikistan,TJK,2009,24.12948607
Germany,DEU,2014,24.11844363
Luxembourg,LUX,2016,24.11344367
Austria,AUT,2008,24.10980113
Ukraine,UKR,2006,24.10663477
Slovakia,SVK,2007,24.10552427
Switzerland,CHE,2002,24.09284511
Netherlands,NLD,2007,24.08458423
North Macedonia,MKD,2016,24.06859503
Austria,AUT,2014,24.06755689
Germany,DEU,2010,24.06612969
Germany,DEU,2004,24.05902433
Kosovo,OWID_KOS,2006,24.0518003
Hungary,HUN,2014,24.0428505
Belarus,BLR,2000,24.04126751
Denmark,DNK,2017,24.04075071
Serbia,SRB,2018,24.03867644
Belarus,BLR,1999,24.03558477
Italy,ITA,1991,24.0328169
Estonia,EST,2007,24.030481
Kyrgyzstan,KGZ,2020,24.03003479
South Korea,KOR,2016,24.02583374
Germany,DEU,2009,24.02194393
Belarus,BLR,2002,24.02110195
Indonesia - rural,,1984,24.00715996
Iceland,ISL,2009,24.00499588
South Korea,KOR,2006,24.00327454
Montenegro,MNE,2005,23.99612164
Belarus,BLR,2001,23.99433133
Timor,TLS,2014,23.98532101
Kyrgyzstan,KGZ,2002,23.98474267
Croatia,HRV,2014,23.97025097
Spain,ESP,2003,23.96860902
Germany,DEU,2003,23.96743525
Armenia,ARM,2011,23.96658047
Seychelles,SYC,2018,23.94854297
Germany,DEU,2001,23.94755598
France,FRA,2005,23.93492659
Hungary,HUN,2005,23.92807574
Netherlands,NLD,2019,23.92109957
Austria,AUT,2018,23.91724204
Kyrgyzstan,KGZ,2001,23.91723153
Hungary,HUN,2017,23.90395438
Luxembourg,LUX,2000,23.89431907
Hungary,HUN,2012,23.8934372
Belgium,BEL,2005,23.87669348
United Kingdom,GBR,1974,23.87547817
Romania,ROU,2006,23.87018121
Croatia,HRV,2012,23.86571015
Austria,AUT,2016,23.84869402
Austria,AUT,2007,23.84866421
Kyrgyzstan,KGZ,2013,23.84611367
Canada,CAN,1987,23.84489379
Austria,AUT,2004,23.84290911
Austria,AUT,2015,23.84265552
Denmark,DNK,2015,23.83117073
Hungary,HUN,1991,23.82363641
Canada,CAN,1997,23.82320412
Hungary,HUN,2016,23.8177558
Romania,ROU,2007,23.79831793
Hungary,HUN,2015,23.79087055
North Macedonia,MKD,2017,23.78986767
Luxembourg,LUX,1997,23.78039008
Serbia,SRB,2006,23.76720937
Malta,MLT,2009,23.76060781
Albania,ALB,2019,23.75788003
South Korea,KOR,2012,23.75603008
Romania,ROU,2002,23.74836491
Germany,DEU,2002,23.74613678
Slovenia,SVN,2003,23.74419439
Iceland,ISL,2004,23.73969788
Luxembourg,LUX,2010,23.72705874
Croatia,HRV,2011,23.72699378
Luxembourg,LUX,2004,23.72167239
Slovakia,SVK,2006,23.71702985
Austria,AUT,2006,23.711891
Romania,ROU,2003,23.70529405
Iraq,IRQ,2012,23.70467204
Croatia,HRV,2013,23.70085805
Netherlands,NLD,2004,23.69930423
Indonesia - rural,,2005,23.69866332
Armenia,ARM,2008,23.69014965
Denmark,DNK,2013,23.6878071
Austria,AUT,2011,23.6869972
Netherlands,NLD,2008,23.68434593
Luxembourg,LUX,2003,23.67495889
Denmark,DNK,2016,23.6725464
Kazakhstan,KAZ,2008,23.6474721
Indonesia - rural,,1987,23.64481558
South Korea,KOR,2014,23.63703419
Malta,MLT,2015,23.63339986
Czechia,CZE,1993,23.63183219
Bulgaria,BGR,2003,23.63102442
Iraq,IRQ,2006,23.62698591
Kyrgyzstan,KGZ,2018,23.62626181
Canada,CAN,1994,23.61736872
Moldova,MDA,2012,23.6095366
Canada,CAN,1991,23.60106155
Croatia,HRV,2004,23.59093353
Azerbaijan,AZE,2003,23.58696289
Belarus,BLR,2007,23.57022248
Austria,AUT,2010,23.56797794
Denmark,DNK,2014,23.56351371
China - rural,,1987,23.54280962
Belgium,BEL,2007,23.54219049
Romania,ROU,2004,23.53854864
Indonesia - rural,,1996,23.53807804
Denmark,DNK,2019,23.51792245
Romania,ROU,2005,23.51752321
France,FRA,2006,23.50885842
Denmark,DNK,2018,23.5073617
Kosovo,OWID_KOS,2012,23.49217925
China - urban,,1996,23.49144523
Kyrgyzstan,KGZ,2011,23.49000611
Iceland,ISL,2014,23.48272736
Sweden,SWE,1967,23.48251905
Austria,AUT,2003,23.46903271
Austria,AUT,2012,23.44865883
Kazakhstan,KAZ,2018,23.44627286
Austria,AUT,1997,23.4422522
Malta,MLT,2012,23.44088817
Romania,ROU,1999,23.44004577
Netherlands,NLD,2005,23.37640882
Tajikistan,TJK,1999,23.34681173
Norway,NOR,2003,23.346154
Ukraine,UKR,2003,23.3450398
Netherlands,NLD,2017,23.33695901
Malta,MLT,2017,23.33083174
Hungary,HUN,2019,23.33005534
Kyrgyzstan,KGZ,2003,23.32190486
Estonia,EST,2019,23.30927499
Romania,ROU,2000,23.3064514
Malta,MLT,2014,23.30521298
Australia,AUS,1981,23.30163624
Finland,FIN,2007,23.29383232
Netherlands,NLD,2014,23.29374226
Maldives,MDV,2019,23.28862605
Bangladesh,BGD,1991,23.2878692
Kyrgyzstan,KGZ,2017,23.28090464
Germany,DEU,1992,23.26779053
Moldova,MDA,2013,23.26431261
Sweden,SWE,2016,23.25712841
Slovakia,SVK,2008,23.2562963
Hungary,HUN,1999,23.24817249
Hungary,HUN,2006,23.24329007
Romania,ROU,2001,23.24099202
Finland,FIN,2004,23.23791192
Norway,NOR,2000,23.23625456
Hungary,HUN,2018,23.23576149
Croatia,HRV,2015,23.23242373
Montenegro,MNE,2006,23.22504332
Poland,POL,1992,23.21754288
Serbia,SRB,2007,23.21689182
Austria,AUT,2019,23.21370513
Kosovo,OWID_KOS,2003,23.2129826
Croatia,HRV,2016,23.20623102
Malta,MLT,2011,23.20302745
Ukraine,UKR,1999,23.19786812
Romania,ROU,2008,23.19537215
Germany,DEU,1999,23.18625038
Azerbaijan,AZE,2002,23.18553406
China - urban,,1993,23.17744692
Ukraine,UKR,2002,23.1684224
Ukraine,UKR,2005,23.16819171
Hungary,HUN,2011,23.16473203
Ukraine,UKR,1993,23.15940995
Malta,MLT,2013,23.15389088
Denmark,DNK,2012,23.13577231
Serbia,SRB,2015,23.13563537
Ukraine,UKR,2004,23.13255001
Kyrgyzstan,KGZ,2012,23.13075842
Kazakhstan,KAZ,2009,23.12880823
Malta,MLT,2016,23.1200268
Estonia,EST,2016,23.11425732
Czechia,CZE,2004,23.10654472
Germany,DEU,1991,23.1015658
Hungary,HUN,2010,23.09994149
Kazakhstan,KAZ,2010,23.08827021
Guinea,GIN,2018,23.08535091
Slovenia,SVN,2002,23.07595077
Norway,NOR,2016,23.05793918
Costa Rica,CRI,1986,23.05358663
Germany,DEU,2000,23.04786928
Germany,DEU,1994,23.04198352
Slovenia,SVN,1998,23.04071539
Serbia,SRB,2013,23.02726053
Netherlands,NLD,2015,23.02391859
Finland,FIN,2003,23.0225545
Serbia,SRB,2010,22.99374397
Austria,AUT,2017,22.99201356
Germany,DEU,1995,22.99034627
Finland,FIN,2006,22.98359623
Kazakhstan,KAZ,2017,22.97925068
Finland,FIN,2005,22.97534762
Netherlands,NLD,2018,22.9725702
Finland,FIN,2019,22.9664866
Finland,FIN,2008,22.9553779
Kazakhstan,KAZ,2011,22.95535061
North Macedonia,MKD,2018,22.95233909
Germany,DEU,1993,22.94940956
Czechia,CZE,2005,22.93940884
Kazakhstan,KAZ,2012,22.93629243
Albania,ALB,2012,22.93433964
Mongolia,MNG,1998,22.92161639
Armenia,ARM,2009,22.91877485
Kyrgyzstan,KGZ,2016,22.9106677
Sweden,SWE,2018,22.90932028
Netherlands,NLD,2016,22.90323413
Malta,MLT,2018,22.89275895
Sweden,SWE,2015,22.88693043
Kyrgyzstan,KGZ,2014,22.88504254
Czechia,CZE,2008,22.88448947
Timor,TLS,2007,22.88081165
Algeria,DZA,2011,22.86235803
Ukraine,UKR,1992,22.85483513
Belarus,BLR,2010,22.8535863
Kiribati,KIR,2019,22.85169723
Croatia,HRV,2017,22.8506888
Austria,AUT,2005,22.84990511
Belgium,BEL,1995,22.84579761
Croatia,HRV,1999,22.84109367
Serbia,SRB,2019,22.82722212
Hungary,HUN,2000,22.82299535
Netherlands,NLD,1993,22.80390105
Bulgaria,BGR,1997,22.76896962
Iceland,ISL,2016,22.76521804
Netherlands,NLD,2013,22.75990011
Finland,FIN,2011,22.75982359
Finland,FIN,2000,22.74558671
Albania,ALB,2018,22.74231233
Belgium,BEL,2010,22.74228878
Sweden,SWE,2019,22.73775031
Malta,MLT,2010,22.73481345
Croatia,HRV,2018,22.72488437
Belgium,BEL,2008,22.72453969
Kazakhstan,KAZ,2016,22.71709541
Austria,AUT,2000,22.71387978
Denmark,DNK,2011,22.71312497
Estonia,EST,1995,22.71059038
Belgium,BEL,2009,22.70916252
Romania,ROU,1994,22.69653104
Moldova,MDA,2016,22.69094162
Finland,FIN,2017,22.64917064
Montenegro,MNE,2010,22.64488101
Iceland,ISL,2003,22.63588985
Belarus,BLR,2003,22.63499886
Indonesia - rural,,1990,22.63375052
Malta,MLT,2007,22.62769222
Kazakhstan,KAZ,2014,22.62386662
Czechia,CZE,2006,22.62029158
Netherlands,NLD,1983,22.61043894
Finland,FIN,2018,22.59469393
Germany,DEU,1996,22.59438236
Czechia,CZE,2013,22.59282069
Kazakhstan,KAZ,2015,22.58604412
Finland,FIN,2009,22.58235561
Romania,ROU,2018,22.58012718
Netherlands,NLD,2011,22.57789422
Belarus,BLR,2009,22.57626625
Belarus,BLR,2014,22.56509809
Belarus,BLR,1995,22.54968054
Finland,FIN,2010,22.54591479
Czechia,CZE,2002,22.54428079
Denmark,DNK,2010,22.53283266
Moldova,MDA,2015,22.5265757
Kazakhstan,KAZ,2013,22.5148812
Iceland,ISL,2015,22.51138092
Netherlands,NLD,2012,22.4982978
Croatia,HRV,2010,22.49222175
Serbia,SRB,2009,22.49218567
Estonia,EST,2017,22.48676871
Serbia,SRB,2008,22.48660701
Malta,MLT,2008,22.48382664
Croatia,HRV,1998,22.48067582
Czechia,CZE,2010,22.44896853
Netherlands,NLD,2010,22.44527502
Estonia,EST,2018,22.44059196
China,CHN,1987,22.43456527
Finland,FIN,2016,22.43306839
Belgium,BEL,2014,22.41917749
Germany,DEU,1997,22.4159585
Slovakia,SVK,2009,22.41168556
Belgium,BEL,2006,22.40986585
Austria,AUT,1995,22.40929673
Belarus,BLR,2006,22.40242334
Finland,FIN,2015,22.40037113
Netherlands,NLD,2009,22.39056317
United Kingdom,GBR,1979,22.37805227
Czechia,CZE,2009,22.36771427
Sweden,SWE,2008,22.36665012
Indonesia - rural,,1993,22.36457201
Norway,NOR,2019,22.36248764
Belgium,BEL,2011,22.35160749
Ukraine,UKR,2019,22.33609421
Germany,DEU,1998,22.33331776
Belarus,BLR,2008,22.33080382
Sweden,SWE,2017,22.32860517
Czechia,CZE,2007,22.32055545
Belgium,BEL,2019,22.31832974
Finland,FIN,2012,22.28667945
Kosovo,OWID_KOS,2011,22.28520308
Norway,NOR,2015,22.27697219
Finland,FIN,2013,22.25097654
Belgium,BEL,2003,22.24552603
Belgium,BEL,2018,22.24361822
Luxembourg,LUX,1991,22.24119961
Czechia,CZE,2011,22.23894703
Croatia,HRV,2019,22.23529989
Sweden,SWE,2013,22.23128486
Belgium,BEL,2015,22.22709613
Hungary,HUN,2002,22.21155082
Norway,NOR,2007,22.2095012
North Macedonia,MKD,1998,22.20575592
Norway,NOR,2018,22.20568153
Romania,ROU,2016,22.1948134
Sweden,SWE,2014,22.1917509
Czechia,CZE,2012,22.16931507
Slovakia,SVK,2013,22.16521182
Indonesia - rural,,2002,22.15916089
Belgium,BEL,2016,22.15737265
Bulgaria,BGR,2007,22.15735179
Czechia,CZE,2014,22.14519936
Czechia,CZE,1996,22.13857611
Iceland,ISL,2011,22.13831977
China - rural,,1984,22.13233519
Czechia,CZE,2015,22.1298757
Sweden,SWE,2000,22.12029298
Hungary,HUN,2001,22.11799508
Romania,ROU,2009,22.11447976
Denmark,DNK,2007,22.10770802
Moldova,MDA,2014,22.09300147
Iceland,ISL,2012,22.0755903
Latvia,LVA,1993,22.06526445
Iceland,ISL,2017,22.06329368
Hungary,HUN,2008,22.06016017
Belarus,BLR,2013,22.05884112
Malta,MLT,2006,22.05168237
Ukraine,UKR,2007,22.0458832
Indonesia - rural,,2004,22.02263622
Iceland,ISL,2010,22.01897108
Finland,FIN,2014,22.01603061
Ukraine,UKR,2018,22.01096968
Indonesia - rural,,1998,22.01004951
Kosovo,OWID_KOS,2014,21.99907686
Netherlands,NLD,1987,21.99305505
Moldova,MDA,2019,21.98395048
Moldova,MDA,2018,21.95260661
Kosovo,OWID_KOS,2013,21.9475138
Belgium,BEL,2017,21.94677627
Czechia,CZE,2016,21.93964934
Belgium,BEL,2012,21.93682914
Hungary,HUN,1998,21.91044089
Ukraine,UKR,2008,21.90212165
Romania,ROU,2010,21.88730913
Bangladesh,BGD,1983,21.86562999
Luxembourg,LUX,1994,21.86445496
Slovakia,SVK,2010,21.8585793
Belarus,BLR,2011,21.85466944
Norway,NOR,1979,21.84733757
Belgium,BEL,2013,21.82653105
Poland,POL,1986,21.82414898
Sweden,SWE,2010,21.81374553
Norway,NOR,2008,21.81220313
Netherlands,NLD,1999,21.80609615
Kosovo,OWID_KOS,2016,21.80398091
Belarus,BLR,2005,21.80237616
Belarus,BLR,2012,21.79687064
Denmark,DNK,2009,21.77958432
Ukraine,UKR,2020,21.76691505
Denmark,DNK,2006,21.75876706
China,CHN,1981,21.73496971
Ukraine,UKR,2017,21.68463573
Norway,NOR,1995,21.68344343
Moldova,MDA,2017,21.66750066
Sweden,SWE,2007,21.65039589
Norway,NOR,2017,21.63072962
Hungary,HUN,1989,21.62884613
Denmark,DNK,1987,21.61107948
Norway,NOR,2014,21.61021093
Romania,ROU,2013,21.60730698
Sweden,SWE,2012,21.60387078
Poland,POL,1989,21.59915353
Ukraine,UKR,2015,21.58766368
Indonesia - rural,,2003,21.57165293
Sweden,SWE,2011,21.57013864
Belgium,BEL,1997,21.56831807
Luxembourg,LUX,1985,21.53678756
Kosovo,OWID_KOS,2015,21.53492679
Czechia,CZE,2018,21.51091414
Czechia,CZE,2019,21.4917253
Hungary,HUN,2009,21.47397551
Armenia,ARM,2020,21.47339633
Romania,ROU,2012,21.46303299
Czechia,CZE,2017,21.45550682
Sweden,SWE,2009,21.45257058
Romania,ROU,2011,21.44033293
United Arab Emirates,ARE,2013,21.43531546
Slovakia,SVK,1996,21.42452529
Slovenia,SVN,2013,21.4068692
Belarus,BLR,2018,21.39826554
Indonesia - rural,,1999,21.3857193
Denmark,DNK,2003,21.38372769
Belarus,BLR,2004,21.35055994
Iceland,ISL,2013,21.32523553
Belarus,BLR,2019,21.32320582
Norway,NOR,2013,21.31011704
China,CHN,1984,21.30304005
Norway,NOR,2009,21.28131337
Belarus,BLR,2017,21.27941326
Belarus,BLR,2016,21.26921394
Albania,ALB,1996,21.21557313
Belarus,BLR,2015,21.21172714
Ukraine,UKR,2016,21.20504506
Slovenia,SVN,2014,21.16996717
Poland,POL,1987,21.15989147
Norway,NOR,1991,21.1595986
Indonesia - rural,,2001,21.15948136
Norway,NOR,2006,21.15486271
Ukraine,UKR,2009,21.15335341
Sweden,SWE,2006,21.13876544
Sweden,SWE,2004,21.08206585
Ukraine,UKR,2013,21.07486706
Slovenia,SVN,2012,21.07356693
Belgium,BEL,1988,21.07165782
China - urban,,1990,21.06897055
Sweden,SWE,2005,21.06243276
Slovenia,SVN,2015,21.05658359
Denmark,DNK,2008,21.0430054
Indonesia - rural,,2000,20.99938812
Poland,POL,1993,20.99523392
Norway,NOR,2010,20.99243576
Bulgaria,BGR,1994,20.99201997
Ukraine,UKR,2010,20.98329238
Slovenia,SVN,2018,20.98089876
Denmark,DNK,2005,20.96280122
Slovakia,SVK,2011,20.96267966
Slovakia,SVK,2015,20.94116366
Norway,NOR,2012,20.86748447
Poland,POL,1985,20.86485723
Ukraine,UKR,2012,20.77301044
Slovenia,SVN,2011,20.76452894
Ukraine,UKR,2011,20.74978474
Slovenia,SVN,2019,20.74377702
Slovenia,SVN,2010,20.73619214
Belarus,BLR,2020,20.72852037
Denmark,DNK,2004,20.65321461
Slovenia,SVN,2004,20.64561566
Belgium,BEL,1985,20.64184007
Slovenia,SVN,2016,20.63375745
Slovenia,SVN,2009,20.62291417
Slovenia,SVN,2005,20.58223861
Ukraine,UKR,2014,20.57094423
Finland,FIN,1995,20.54394745
Norway,NOR,1986,20.52452095
China - rural,,1981,20.51910897
Denmark,DNK,1992,20.51795693
Slovakia,SVK,2012,20.50264691
Norway,NOR,2011,20.48951572
Slovenia,SVN,2017,20.44039454
Slovenia,SVN,1987,20.40051079
Slovenia,SVN,2007,20.38709835
Slovenia,SVN,2006,20.36004803
Slovakia,SVK,2014,20.27913675
Slovenia,SVN,1999,20.25650049
Slovenia,SVN,1997,20.24559285
Romania,ROU,1992,20.19240863
Denmark,DNK,2000,20.14654696
Sweden,SWE,2003,20.14189156
Belgium,BEL,1992,20.13567057
Slovenia,SVN,2008,20.13538002
Sweden,SWE,1992,20.05359882
Sweden,SWE,1995,20.04370396
Bulgaria,BGR,1989,20.02824913
Slovakia,SVK,2016,19.91485936
Denmark,DNK,1995,19.80455623
Finland,FIN,1991,19.62491433
Czechia,CZE,1992,19.57751442
Slovakia,SVK,2018,19.55337902
Sweden,SWE,1975,19.44617215
Belarus,BLR,1993,19.40481376
Austria,AUT,1987,19.28832075
Romania,ROU,1989,19.21183382
Finland,FIN,1987,19.1962451
Hungary,HUN,1987,19.00217041
Sweden,SWE,1987,18.9638786
Slovakia,SVK,2019,18.81612408
Slovakia,SVK,1992,18.60699256
Slovakia,SVK,2017,18.44994054
Sweden,SWE,1981,18.28802958
China - urban,,1987,18.09704743
China - urban,,1981,17.18140967
China - urban,,1984,16.9857886
